SUBDIVISION,YEAR,JAN,FEB,MAR,APR,MAY,JUN,JUL,AUG,SEP,OCT,NOV,DEC,ANNUAL,Jan-Feb,Mar-May,Jun-Sep,Oct-Dec
ARUNACHAL PRADESH,1916,48.1,69.8,71.1,316.1,424.6,1124.9,NA,629.7,333.9,NA,NA,NA,NA,117.9,811.8,NA,NA
ARUNACHAL PRADESH,1917,21.4,164.5,NA,269.6,107.9,823.8,909.1,628.4,411.5,199.3,63.5,0,NA,185.9,NA,2772.8,262.8
ARUNACHAL PRADESH,1918,10.4,11,191.2,144.6,861.1,1609.9,1303,692.6,515.8,125.2,7.8,13.7,5486.3,21.4,1196.9,4121.3,146.7
ARUNACHAL PRADESH,1919,34.5,67.8,28.5,256.9,420.6,973.6,999,286.7,628.7,948.3,40.7,8.6,4693.9,102.3,706,2888,997.6
ARUNACHAL PRADESH,1920,14,196.3,605.6,364.7,173.6,840.6,535.4,896.5,376.7,103.3,0,0,4106.7,210.3,1143.9,2649.2,103.3
ARUNACHAL PRADESH,1921,78.9,54.3,180.3,358,598,1233.2,1433,885.9,603.4,246.3,4.6,15.5,5691.4,133.2,1136.3,4155.5,266.4
ARUNACHAL PRADESH,1922,50.7,59.4,170.4,299.5,350.5,1109.3,918.7,488.3,207.6,483.5,30.3,19,4187.2,110.1,820.4,2723.9,532.8
ARUNACHAL PRADESH,1923,9.4,160.8,34,240.9,445.4,408.6,1278.5,251.3,617.3,50.1,8.4,2.8,3507.5,170.2,720.3,2555.7,61.3
ARUNACHAL PRADESH,1924,85.7,45.1,74.1,162.4,515.7,1165,942.7,713.8,410.8,303.3,31.9,0,4450.5,130.8,752.2,3232.3,335.2
ARUNACHAL PRADESH,1925,80.6,114,143.3,223,587.2,611.6,611,684.7,1222,153.2,5.1,4.1,4439.8,194.6,953.5,3129.3,162.4
ARUNACHAL PRADESH,1926,38.1,40.8,179.1,249.7,248.1,675.2,978.7,445.6,286.9,311.5,18.6,49.3,3521.6,78.9,676.9,2386.4,379.4
ARUNACHAL PRADESH,1927,48.3,208.5,88.1,384,164,1045.4,923.2,727.8,1108.9,537.2,17.8,0,5253.2,256.8,636.1,3805.3,555
ARUNACHAL PRADESH,1928,48.9,39.7,118.2,123.4,431.9,1168.3,993.6,981.2,706.1,633.5,25.6,2.3,5272.7,88.6,673.5,3849.2,661.4
ARUNACHAL PRADESH,1929,144.8,59.2,124.3,492.3,615.8,853,614.4,670,384.3,188,64.5,109.5,4320.2,204.1,1232.4,2521.8,362
ARUNACHAL PRADESH,1930,64.4,84.3,202.5,565.4,148.9,720.9,376.2,1055.5,637,361.1,93.2,24.9,4334.1,148.7,916.8,2789.5,479.1
ARUNACHAL PRADESH,1931,61.3,189.7,231.6,502.7,277.7,1149.4,1399.9,337.7,480.7,157.4,37.8,46.2,4872.1,251,1012,3367.7,241.3
ARUNACHAL PRADESH,1932,70.2,110.3,105.5,282.7,661.6,1065.2,521.2,907.8,682.9,152.2,231.4,59.9,4850.9,180.5,1049.8,3177.1,443.5
ARUNACHAL PRADESH,1933,56,59.4,101.6,267.9,435.3,782.1,743.2,685.2,376.1,217.9,40.6,8.1,3773.3,115.4,804.8,2586.5,266.6
ARUNACHAL PRADESH,1934,84.9,88.3,128.3,595.1,454.5,1024.6,935.9,640.9,382.6,141.6,77,21.9,4575.7,173.2,1177.9,2984,240.6
ARUNACHAL PRADESH,1935,18.1,143.6,169.7,211.2,299.9,1147.1,489.9,968.8,631.6,21.8,44.4,27.4,4173.7,161.8,680.9,3237.5,93.6
ARUNACHAL PRADESH,1936,105.9,175.2,151.7,374.7,295.7,833.1,1132.8,668.4,584.3,216.5,122.8,127.6,4788.9,281.1,822.2,3218.6,467
ARUNACHAL PRADESH,1937,19.9,105.6,91.2,261,399,456.4,611.6,816.9,339.7,239.8,16.7,17.3,3375.1,125.5,751.2,2224.6,273.8
ARUNACHAL PRADESH,1938,144.8,121.6,340.5,395.3,306.5,1511.3,1355.1,790.8,877.3,220.6,59.7,5.6,6129,266.4,1042.3,4534.5,285.8
ARUNACHAL PRADESH,1939,13.6,140.5,112.7,388.1,314.6,1132.5,838.5,310.2,476.4,157.6,6.2,7.7,3898.7,154.2,815.5,2757.6,171.4
ARUNACHAL PRADESH,1940,12.7,168.5,381.8,133.9,480.5,511,1067.9,340.5,791.4,154.6,12.4,44.3,4099.3,181.2,996.2,2710.7,211.3
ARUNACHAL PRADESH,1941,37.4,101.7,157.9,245.4,652.4,518.1,935.9,729.2,687,89.7,19.6,45.9,4220.2,139.1,1055.7,2870.3,155.2
ARUNACHAL PRADESH,1942,15.8,164.9,277.8,272.4,618.9,1182.6,457.5,438.9,357.6,8.7,32.1,1.1,3828.2,180.7,1169.1,2436.6,41.9
ARUNACHAL PRADESH,1943,164.5,46.3,286.3,322.6,656.6,712.3,688.1,501,727.7,155.4,43,22.8,4326.7,210.8,1265.4,2629.2,221.3
ARUNACHAL PRADESH,1944,73.1,67,128.4,179.9,664.6,935.9,483.6,307.4,656.1,334.8,26,47.5,3904.3,140.1,972.9,2383,408.4
ARUNACHAL PRADESH,1945,43.4,107.8,151.3,282.9,366,420.2,960,771.3,328.6,187.7,1.3,28.7,3649.3,151.2,800.2,2480.1,217.7
ARUNACHAL PRADESH,1946,1.8,73.2,141.7,238.3,631.2,448.6,1212.2,478.7,540.4,215.9,25.4,3.8,4011.2,75.1,1011.2,2679.9,245.1
ARUNACHAL PRADESH,1947,37.8,68.5,158.6,460.2,494.4,650.2,1245,417.9,503.8,297.3,9.5,25.9,4369.1,106.3,1113.2,2816.9,332.6
ARUNACHAL PRADESH,1948,35.6,119.5,136.1,441.1,1168.6,889.5,2362.8,603.3,350.4,150.1,52.7,21.4,6331.1,155.1,1745.8,4206,224.2
ARUNACHAL PRADESH,1949,80.1,88.1,287.4,436.9,567.2,943.9,1002,672.6,482,224.9,39.6,50.1,4874.7,168.1,1291.5,3100.5,314.6
ARUNACHAL PRADESH,1950,38.6,92.8,205.8,425.2,274.2,NA,377.6,241.8,285.8,356,49.5,43.9,NA,131.4,905.2,NA,449.4
ARUNACHAL PRADESH,1951,31.8,65.3,309.9,441,344.5,757.8,554.7,278.5,383.7,101.8,46.2,39.1,3354.2,97.1,1095.3,1974.7,187.1
ARUNACHAL PRADESH,1952,17.2,24.5,189.6,151.5,235.1,276.8,320.6,481.1,368.2,257.9,43.9,29.7,2396.1,41.7,576.2,1446.7,331.5
ARUNACHAL PRADESH,1953,56.4,106.9,236,214.9,314.9,409.9,512.5,245.3,449.8,NA,10.4,23.4,NA,163.3,765.8,1617.5,NA
ARUNACHAL PRADESH,1957,NA,NA,NA,246.9,448.9,608.1,1219.4,542.6,505.8,146.6,17.1,40.6,NA,NA,NA,2875.9,204.3
ARUNACHAL PRADESH,1958,98.4,67.5,32.9,138.5,698.6,511.2,457.7,1664.6,705.2,669.4,2.5,17,5063.5,165.9,870,3338.7,688.9
ARUNACHAL PRADESH,1959,83.2,137.9,104.5,146.4,671.8,812.9,1137.7,333.2,508.8,247,12.1,0,4195.5,221.1,922.7,2792.6,259.1
ARUNACHAL PRADESH,1960,8,26.8,53.2,137.1,210.7,653.9,1296.8,251.3,1034.8,13,13.4,10.4,3709.4,34.8,401,3236.8,36.8
ARUNACHAL PRADESH,1961,50,204.2,289.6,181,492.3,595.5,738.3,547.9,256.2,260.5,57.1,3.9,3676.5,254.2,962.9,2137.9,321.5
ARUNACHAL PRADESH,1962,37.2,87.1,45.1,250.3,601.9,1088.8,758.1,1405.9,222.4,255.6,NA,NA,NA,124.3,897.3,3475.2,NA
ARUNACHAL PRADESH,1963,14.6,35.2,168.6,262.6,346.4,755.4,817.4,1199.3,366.4,136.4,20,15.7,4138,49.8,777.6,3138.5,172.1
ARUNACHAL PRADESH,1964,55.4,90.3,81.1,219.7,286.4,1432.8,1506.1,492.1,465.1,246.2,12.2,71.9,4959.3,145.7,587.2,3896.1,330.3
ARUNACHAL PRADESH,1965,37.4,120.7,103.7,254.4,306.9,404.7,315.8,351.3,172.9,51.5,72.6,4.9,2196.8,158.1,665,1244.7,129
ARUNACHAL PRADESH,1966,22.4,91.5,98.4,180.2,177.9,473.2,432.7,411.6,197.6,78.9,39,6.3,2209.6,113.8,456.5,1515.1,124.2
ARUNACHAL PRADESH,1967,13.3,45.5,147.9,96.6,164,253.1,434.5,220.8,212.8,58.5,10,11.5,1668.5,58.8,408.5,1121.2,80
ARUNACHAL PRADESH,1968,54.2,41.4,135.9,117.6,307.2,510.1,404.8,227.5,243.5,75.8,12.5,8.4,2139,95.7,560.7,1385.9,96.8
ARUNACHAL PRADESH,1969,19.2,10,33.8,127,202.3,412.3,405.1,333.9,241.4,42.9,34.8,15.1,1877.7,29.2,363.1,1392.7,92.8
ARUNACHAL PRADESH,1970,49.2,78.8,57.4,108.8,213.4,409.6,377.9,245.4,287.4,138.6,6.9,0,1973.4,128,379.7,1320.2,145.5
ARUNACHAL PRADESH,1971,56,67.8,47.1,121.8,222.4,446,385.5,288.2,239.6,235.1,67.8,7.3,2184.5,123.8,391.3,1359.3,310.2
ARUNACHAL PRADESH,1972,39.2,114.2,108.3,231.5,299.5,314.4,438.3,270.7,334.5,83.3,25.9,21.5,2281.3,153.5,639.3,1357.9,130.7
ARUNACHAL PRADESH,1973,136.4,147.1,82.3,215.3,256.5,571.1,284.8,271.3,258.3,110.2,88.9,35.4,2457.5,283.5,554,1385.5,234.4
ARUNACHAL PRADESH,1974,130.9,95.4,127.8,272.6,248.3,466.7,648.9,446.8,461.2,121.1,14,30.3,3063.9,226.3,648.7,2023.5,165.4
ARUNACHAL PRADESH,1975,17.3,76.9,101.7,165.1,188,268.5,427,185.2,297,451.6,21.5,13.6,2213.3,94.2,454.8,1177.7,486.6
ARUNACHAL PRADESH,1976,8.9,112.9,168,229.3,210.7,506.3,375.4,357.4,177.5,139.7,87.9,45.6,2419.5,121.8,608,1416.7,273.1
ARUNACHAL PRADESH,1977,71.2,133.5,209.3,560.2,417.8,543.5,484.7,610.1,311.9,213.5,141,77.7,3774.3,204.6,1187.3,1950.2,432.2
ARUNACHAL PRADESH,1978,37.1,82.2,150.6,216.4,345.6,577.2,357.5,172.4,310.4,133,146.1,2.5,2531,119.3,712.6,1417.4,281.6
ARUNACHAL PRADESH,1979,47.4,81.6,138.2,158.8,210.3,239.4,665.4,296.9,417.5,409.6,27.4,81.2,2773.6,129,507.2,1619.2,518.3
ARUNACHAL PRADESH,1980,65.6,130.4,251.4,372,245.5,530.9,514.1,544.7,367.4,185.4,7.8,0.2,3215.3,195.9,868.9,1957.1,193.3
ARUNACHAL PRADESH,1981,93.1,136.1,255.2,197.4,285,494.9,549.3,360.6,262.6,71.8,29.3,55.5,2790.9,229.2,737.6,1667.4,156.7
ARUNACHAL PRADESH,1982,6.4,100.4,151.2,335.3,241.4,429.8,593,197,526.6,82.3,53.8,62.2,2779.5,106.8,727.9,1746.4,198.3
ARUNACHAL PRADESH,1983,65.4,171.1,217.6,351.2,301.9,551,563.2,389.9,476.4,191.7,14.9,40.8,3335.3,236.5,870.7,1980.6,247.4
ARUNACHAL PRADESH,1984,98.1,42.8,166.9,389.3,448.7,417.3,671,309.2,455.5,184.1,5.7,89.5,3278,140.8,1004.9,1853,279.3
ARUNACHAL PRADESH,1985,54.1,81,255.6,347.1,345.5,506,657.8,326.3,502.2,116.6,25.4,48.8,3266.2,135,948.2,1992.2,190.7
ARUNACHAL PRADESH,1986,19.3,90.1,122.8,335.3,101.8,402.5,453.7,355.3,387.6,176.6,36.6,14,2495.6,109.5,559.8,1599.1,227.2
ARUNACHAL PRADESH,1987,3.7,72.5,147.7,352,230.8,501.5,754.9,558.8,646.6,101.1,24.1,39.6,3433.2,76.2,730.4,2461.9,164.8
ARUNACHAL PRADESH,1988,50.9,118.3,250.7,278.9,535.9,287,868.1,815.6,486.3,416.4,34.2,13.1,4155.3,169.2,1065.4,2457,463.6
ARUNACHAL PRADESH,1989,52.6,171.9,92.9,388.7,239.7,484.2,640.7,305.3,526.5,281.7,77.9,19.6,3281.6,224.5,721.2,1956.8,379.1
ARUNACHAL PRADESH,1990,54.8,112.4,149,289.9,366.2,857.2,534,352.8,625.5,240.6,2,19.7,3604,167.2,805.1,2369.5,262.3
ARUNACHAL PRADESH,1991,24.9,86,110.7,193.3,423.7,608.3,607.7,603.4,484.5,189,22.2,80.8,3434.4,110.9,727.7,2303.9,291.9
ARUNACHAL PRADESH,1992,33.2,128.9,184.6,196.4,239.2,522.9,557.2,294.3,328.2,201.5,11.5,8.9,2707,162.1,620.3,1702.7,221.8
ARUNACHAL PRADESH,1993,95.7,125.4,134.4,130.6,408.3,569.5,619.2,691.9,323.1,228.6,14.7,7.5,3348.9,221.1,673.3,2203.7,250.8
ARUNACHAL PRADESH,1994,48.2,72.6,215.3,232.1,382.9,416.1,233,280.2,225,161.6,14.1,6.2,2287.4,120.8,830.3,1154.4,181.9
ARUNACHAL PRADESH,1995,20.6,79.9,84.3,198.8,363.9,686.9,714.5,328.8,425.1,82.4,51,32.6,3068.8,100.5,647.1,2155.2,166
ARUNACHAL PRADESH,1996,35.7,56.2,163.6,171.4,398.2,316.2,593,372.1,191.2,212.5,9.1,1.4,2520.5,91.8,733.1,1472.5,223
ARUNACHAL PRADESH,1997,26.2,68.5,158.5,94.7,212.6,548,395.2,237,403.5,58.5,45.9,26.3,2274.9,94.6,465.8,1583.7,130.7
ARUNACHAL PRADESH,1998,26.7,78.8,193.6,125,275,839.8,823.8,807,236.8,187.2,20.5,2.5,3616.7,105.6,593.6,2707.4,210.2
ARUNACHAL PRADESH,1999,7.9,6.1,40.4,159.6,343.2,450,376.9,438.1,254,207.9,28.3,4.3,2316.6,14,543.2,1519,240.4
ARUNACHAL PRADESH,2000,54.1,47.1,139.9,293.8,267.2,459.8,395.4,387.4,407.4,81.3,53.9,9.6,2596.8,101.2,700.8,1650,144.8
ARUNACHAL PRADESH,2001,53.1,66.6,134.9,229.9,195.6,277.2,302.6,279.9,288.1,173.8,19.3,14.9,2036,119.7,560.5,1147.8,208
ARUNACHAL PRADESH,2002,74.2,37.2,126.3,248.2,197.1,396.8,604,290.7,257.9,94,45,17.9,2389.2,111.4,571.6,1549.4,156.9
ARUNACHAL PRADESH,2003,22.9,83.2,109.6,182,173.5,424.3,645.3,327.2,259.9,182.6,25,16.2,2451.8,106.1,465.2,1656.6,223.9
ARUNACHAL PRADESH,2004,38,39.1,175.5,210.2,298.7,402.9,654.3,243,278.5,184.8,5.6,15.2,2545.7,77.1,684.3,1578.7,205.6
ARUNACHAL PRADESH,2005,48.4,167.6,229.5,195.3,179.8,269.3,430.8,400,243.6,139.3,28.6,3.3,2335.5,216,604.6,1343.7,171.2
ARUNACHAL PRADESH,2006,6,103.7,63.3,202.7,321.7,520.4,382.2,227.6,263.2,77.2,69.7,21.7,2259.6,109.7,587.7,1393.5,168.7
ARUNACHAL PRADESH,2007,13.4,97.4,48.1,292.4,250.4,530.2,761,364.6,529.3,102.6,24.3,6.9,3020.7,110.8,590.9,2185.1,133.9
ARUNACHAL PRADESH,2008,76.7,39.7,122.6,192.4,185,423.6,456.1,439.3,189.7,115.1,1.7,2.6,2244.4,116.4,499.9,1508.7,119.4
ARUNACHAL PRADESH,2009,18,92.8,72.1,132.7,189.9,259.1,329.9,370.3,152.5,82.9,33.9,15.9,1749.9,110.8,394.7,1111.8,132.7
ARUNACHAL PRADESH,2010,0.6,13.2,237.8,466.9,312.7,509.9,378,321.5,444.2,97.7,58.9,14.2,2855.7,13.9,1017.5,1653.6,170.9
ARUNACHAL PRADESH,2011,40,51.3,174.5,240.8,219.6,288.4,531.4,277.6,286.7,51.9,16.2,15.2,2193.7,91.4,634.9,1384.2,83.3
ARUNACHAL PRADESH,2012,57.8,35.8,134.2,403.4,187.4,645.8,638.9,316,724.9,248.1,22,26.2,3440.3,93.6,724.9,2325.6,296.3
ARUNACHAL PRADESH,2013,18.5,40.5,115.1,175.1,335.8,290,329.6,230.2,316.1,164.1,13.3,14.6,2042.9,59,626,1165.9,192
ARUNACHAL PRADESH,2014,19,101.9,80.3,86.7,299,415.8,392.4,599.6,343,35.1,20.1,10.2,2403.2,120.9,466,1750.8,65.4
ARUNACHAL PRADESH,2015,30.8,47.5,97.5,287.1,238.9,637.9,329.3,595.5,374.2,65.2,33.8,29.8,2767.5,78.3,623.5,1936.9,128.8
ASSAM & MEGHALAYA,1901,27.1,19.5,30.6,223,207,524.9,430.6,464.1,291.4,163.7,115.6,1.2,2498.6,46.6,460.5,1710.9,280.5
ASSAM & MEGHALAYA,1902,9.3,10.2,105.6,350,262.1,620.7,510.8,536,441.3,97,7.8,1.3,2952.1,19.4,717.6,2108.9,106.2
ASSAM & MEGHALAYA,1903,19.9,25.4,103.6,140.6,206.6,607.4,362.7,551.9,306.4,159.5,59.3,1.3,2544.7,45.4,450.8,1828.5,220.1
ASSAM & MEGHALAYA,1904,11.1,56.1,51.9,457.1,375.2,385.7,477.6,438.8,245.9,115.9,46.4,2.5,2664.1,67.1,884.2,1548,164.8
ASSAM & MEGHALAYA,1905,19.9,16.9,137.9,213,275.5,521.7,439.1,649.1,276,200,16.8,24.8,2790.6,36.8,626.3,1886,241.6
ASSAM & MEGHALAYA,1906,9.7,59.2,88.4,263.5,271.3,388.4,541.8,585.9,264.2,165.7,24.9,0.2,2663.4,68.9,623.3,1780.4,190.8
ASSAM & MEGHALAYA,1907,55.8,37.2,109.7,254.8,213.7,509.8,578.9,304.2,401,37.6,4.8,13.8,2521.1,93,578.1,1793.8,56.2
ASSAM & MEGHALAYA,1908,16.2,25.1,20.7,176.6,332.7,390.8,477.2,339.4,403.4,91.9,3.8,0,2277.8,41.3,530,1610.8,95.7
ASSAM & MEGHALAYA,1909,19,8.9,4.4,195,310.4,639.4,345,445.2,216.4,162.4,24.6,6.3,2377,27.9,509.8,1646,193.3
ASSAM & MEGHALAYA,1910,9.2,32.1,152.8,211.5,274.6,582.5,738.3,418.3,247.8,199.7,16.2,4.3,2887.3,41.3,638.9,1986.9,220.2
ASSAM & MEGHALAYA,1911,74.2,19,93,234,431.7,534,618.6,417.1,387.8,257.4,26.3,3,3096.2,93.2,758.7,1957.5,286.8
ASSAM & MEGHALAYA,1912,9,57.8,126.1,301,250.2,482.7,567,453.4,236.8,181.5,68.4,9.5,2743.5,66.8,677.4,1739.9,259.5
ASSAM & MEGHALAYA,1913,11.9,90.2,118.4,334.2,392.3,458.6,438,354,279.2,227.7,10.4,45.6,2760.5,102.2,844.9,1529.7,283.7
ASSAM & MEGHALAYA,1914,6.3,79.1,69.9,219.6,317.9,403.9,396.4,472.9,292.3,67.6,10.6,7.4,2343.8,85.5,607.4,1565.4,85.6
ASSAM & MEGHALAYA,1915,9.3,58.9,74.4,201.9,662.9,509.1,738.2,529.1,258.8,108.2,10,4.4,3165.1,68.2,939.2,2035.1,122.6
ASSAM & MEGHALAYA,1916,20,28,118.4,227.9,340.6,367.3,475.3,430.7,308.8,244.9,32.8,6.3,2601.1,48,686.9,1582.1,284
ASSAM & MEGHALAYA,1917,12.8,91.6,38.7,168.8,206.2,584.7,472.8,346.3,313.7,236.6,46.4,1.4,2519.9,104.4,413.6,1717.4,284.4
ASSAM & MEGHALAYA,1918,4.6,16.1,125.5,152.2,287.4,659.4,805,604.8,373.2,70.7,6.8,1.1,3106.8,20.7,565.1,2442.5,78.6
ASSAM & MEGHALAYA,1919,13.1,12.4,22.6,162.1,266.9,485.5,459,249.1,441.6,185.7,42.5,3.6,2344.2,25.5,451.6,1635.3,231.9
ASSAM & MEGHALAYA,1920,4.8,51,228.1,184.8,282.7,523.8,309.8,521.5,382.6,129.5,3.3,1.8,2623.6,55.8,695.6,1737.6,134.6
ASSAM & MEGHALAYA,1921,35.1,20.3,134.1,324.6,414.8,604.9,542.2,429.4,333.2,142.1,8.5,10.3,2999.7,55.4,873.6,1909.8,160.9
ASSAM & MEGHALAYA,1922,16.6,4.9,77.8,168.7,233.1,548.9,418.4,379.4,265.6,129.9,9.3,9.4,2261.9,21.4,479.6,1612.3,148.7
ASSAM & MEGHALAYA,1923,0.4,59.6,17.1,258.1,397.8,588.6,375.4,267.2,360.9,98.2,11.2,5.9,2440.6,60,673,1592.1,115.4
ASSAM & MEGHALAYA,1924,10.6,22.7,20,221.9,299.4,473.9,609,434,346,127,126.9,0.2,2691.4,33.3,541.3,1862.8,254
ASSAM & MEGHALAYA,1925,26.4,21.5,53.8,278.3,602.2,330.8,411.1,400.7,322.3,89.5,13.7,0.2,2550.5,47.9,934.2,1465,103.4
ASSAM & MEGHALAYA,1926,23.4,23.2,156.9,140.8,253.9,559.3,576.5,354.7,189.2,193.7,6.4,33.6,2511.7,46.6,551.6,1679.7,233.8
ASSAM & MEGHALAYA,1927,33.8,60.5,66,265.2,238.4,573.9,447.7,366.4,549.8,161.2,29.8,0.2,2793.1,94.3,569.7,1937.9,191.2
ASSAM & MEGHALAYA,1928,8.3,21.1,61,138.9,446.5,420.6,428.1,448.2,343.5,294.8,21.6,1.5,2634.3,29.4,646.4,1640.5,317.9
ASSAM & MEGHALAYA,1929,83.9,3.8,84.1,321.7,570.2,643.4,385,333.2,292.8,196,17.6,22.1,2953.8,87.7,976,1654.4,235.7
ASSAM & MEGHALAYA,1930,18,41,99.8,199.4,209.8,686.9,287.8,438.5,299.1,149.9,114.4,6.2,2550.7,59,509,1712.4,270.4
ASSAM & MEGHALAYA,1931,7.6,29.2,47.6,294.7,374,605.6,654.6,282,330.2,136.7,21.6,16.3,2800.1,36.7,716.3,1872.4,174.7
ASSAM & MEGHALAYA,1932,14.9,36.7,59.1,163.2,488.6,628.5,454.6,467.3,355.8,108.4,90.9,20.6,2888.7,51.5,711,1906.3,219.9
ASSAM & MEGHALAYA,1933,10.3,29,16.7,214.4,286.7,477.2,427.1,501.7,243.1,122.1,8.1,2.7,2339.1,39.2,517.7,1649.2,132.9
ASSAM & MEGHALAYA,1934,18.5,68.2,27.1,301.2,444.6,754.5,553.2,361.8,246.8,232.8,59.8,6.3,3074.9,86.8,773,1916.3,298.9
ASSAM & MEGHALAYA,1935,3.4,53.2,66.5,122.1,381.5,696.9,395.2,573.9,335,28.1,19.8,2.9,2678.4,56.6,570.1,2001,50.8
ASSAM & MEGHALAYA,1936,13.6,58.7,75.7,217.8,422.8,456.1,559.9,356.4,283.5,179.6,24,23.2,2671.3,72.2,716.3,1655.9,226.8
ASSAM & MEGHALAYA,1937,2.2,51.1,19.3,97.4,406.6,422.5,409.2,480.5,278.1,139.3,13.5,4.9,2324.6,53.3,523.4,1590.3,157.6
ASSAM & MEGHALAYA,1938,27.2,16.2,138,202,247.3,581,510.6,435.2,431.4,141.8,55.2,0.6,2786.5,43.4,587.3,1958.2,197.6
ASSAM & MEGHALAYA,1939,1.5,33.6,11.2,178.3,349.6,533.7,484.9,224.9,389,190.1,2.8,1.9,2401.6,35.1,539.2,1632.5,194.9
ASSAM & MEGHALAYA,1940,1.5,57.9,180.8,72.6,391.9,500.5,435.4,330.8,353.7,98.1,19,9.5,2451.6,59.4,645.3,1620.3,126.6
ASSAM & MEGHALAYA,1941,4.5,32.7,53.8,245.1,522.4,541.7,409.4,361.8,368.1,143.3,16.7,9.9,2709.5,37.2,821.2,1681,170
ASSAM & MEGHALAYA,1942,7.4,25.3,130.9,233.5,469.1,618.8,332.9,328.8,462.9,40,27.5,0,2677,32.7,833.5,1743.4,67.5
ASSAM & MEGHALAYA,1943,54.4,34.1,170.6,247.7,406.6,513.3,391.9,417.9,365,86.7,9.4,6.2,2703.7,88.4,824.9,1688.1,102.3
ASSAM & MEGHALAYA,1944,39.2,21.3,62.9,139,518,490.6,386.9,304.1,455.6,89.7,7.2,9.9,2524.3,60.4,719.9,1637.2,106.8
ASSAM & MEGHALAYA,1945,37,39.7,67.5,139.5,396.5,500.5,507.7,493.5,283.2,196.6,1.1,2.9,2665.7,76.7,603.5,1785,200.5
ASSAM & MEGHALAYA,1946,0.4,19.4,102.6,178.5,328,582.6,547,297.9,266.8,346.3,8.6,1.4,2679.5,19.8,609.2,1694.2,356.4
ASSAM & MEGHALAYA,1947,3.9,9,83.9,243.4,380.2,486.4,570.8,285,362.3,202.2,3,13.1,2643.3,12.9,707.6,1704.6,218.3
ASSAM & MEGHALAYA,1948,10.1,42.4,59.5,260.4,681.2,599.4,534.8,448.3,314.4,176.6,50.6,7.8,3185.4,52.5,1001.1,1896.8,234.9
ASSAM & MEGHALAYA,1949,22.9,23.1,76,371,335.9,683.4,444.1,461.9,392.6,148.3,13,11.1,2983.4,45.9,782.9,1982.1,172.4
ASSAM & MEGHALAYA,1950,21.2,51.2,93.5,112.9,282.1,562,389.5,490.9,200.7,134.6,49.9,3.9,2392.4,72.5,488.5,1643.1,188.4
ASSAM & MEGHALAYA,1951,4.9,3.3,53.5,242.9,250.4,588.8,550.5,387.4,209.7,270.5,46.2,5.8,2613.8,8.2,546.9,1736.3,322.5
ASSAM & MEGHALAYA,1952,4.4,10.4,107.5,155.9,465.6,399.9,573.9,467.6,343.7,277.1,43.2,2.1,2851.3,14.8,729,1785.2,322.4
ASSAM & MEGHALAYA,1953,18,13.3,227.3,157.4,377.7,405.5,461.9,284.5,451.5,144,5.8,13.1,2559.9,31.3,762.4,1603.4,162.9
ASSAM & MEGHALAYA,1954,22,45.7,40.6,266,490.3,594.3,572.2,427.3,218.8,155.5,2,24.5,2859.1,67.6,796.9,1812.6,182
ASSAM & MEGHALAYA,1955,9.2,9.5,143.5,210.2,328.8,546.5,567,415.8,283.3,149.3,89.6,8.5,2761.2,18.7,682.5,1812.6,247.4
ASSAM & MEGHALAYA,1956,29.8,3.2,121.7,204.8,533.5,712.4,440.3,382.1,171.9,149.3,44.3,9.6,2802.9,33,859.9,1706.7,203.3
ASSAM & MEGHALAYA,1957,66.9,33.5,20.1,136,449.2,446,407.2,366.6,208.7,99.9,12.2,10.7,2257.2,100.4,605.4,1428.6,122.8
ASSAM & MEGHALAYA,1958,18.8,44.2,10.3,192.4,545.2,393.2,361.1,546.9,278.7,212.4,4.6,18.7,2626.4,63,747.9,1579.8,235.7
ASSAM & MEGHALAYA,1959,30.8,45.6,109.9,144.1,470.6,517.6,364.2,255.9,286.8,301.7,8.3,0.2,2535.8,76.4,724.6,1424.6,310.1
ASSAM & MEGHALAYA,1960,0.1,11.1,38.7,45.9,315.2,454.8,553.7,349.2,479.4,60.9,29.3,3.9,2342.2,11.2,399.9,1837,94
ASSAM & MEGHALAYA,1961,11.5,19.7,253.8,123,355.8,335.4,352.9,347.4,226.1,128.1,34.8,6.9,2195.3,31.2,732.6,1261.7,169.8
ASSAM & MEGHALAYA,1962,24.9,27.6,17.3,134.7,369,601.4,338.8,509.8,137.4,118.2,11.1,5.8,2295.9,52.5,521.1,1587.3,135
ASSAM & MEGHALAYA,1963,3.3,7.9,51.1,183.3,288.4,596,557.3,432,211.7,144.1,29.4,7.2,2511.8,11.2,522.8,1797.1,180.7
ASSAM & MEGHALAYA,1964,9.6,22.6,80.7,268.3,297.4,557.9,600.3,340.4,326.3,205.1,8.3,12.8,2729.6,32.2,646.4,1824.8,226.2
ASSAM & MEGHALAYA,1965,5.1,73.6,52.5,158.2,327.1,501,399.6,422.1,304,82.4,60.8,12.5,2398.9,78.7,537.7,1626.7,155.7
ASSAM & MEGHALAYA,1966,20,23.6,36.1,164.3,323.7,780.5,507.1,518.2,248.1,124.5,31.8,11.4,2789.3,43.6,524.1,2053.9,167.7
ASSAM & MEGHALAYA,1967,11.4,37.3,105.9,112,287.5,395.7,497.7,258.9,300.6,97.6,14.5,4.2,2123.4,48.8,505.4,1452.9,116.3
ASSAM & MEGHALAYA,1968,22.9,19.8,78.2,170.8,432.3,595,494.1,346,231.7,113.8,23.9,2.3,2530.8,42.7,681.3,1666.8,140
ASSAM & MEGHALAYA,1969,27.4,1.8,99.7,178.7,254.1,567.2,461.1,446.7,185.4,80.9,27.5,1.8,2332.2,29.2,532.4,1660.3,110.2
ASSAM & MEGHALAYA,1970,47,35.8,89.7,204.8,493.4,658.3,475.3,389.2,390.7,246.4,17.8,0.1,3048.4,82.8,787.9,1913.5,264.3
ASSAM & MEGHALAYA,1971,36.9,18.4,37.6,142.9,236.3,437.1,407.9,474.8,231.6,199.5,80,12.1,2315.1,55.3,416.8,1551.3,291.6
ASSAM & MEGHALAYA,1972,18,39.6,99.3,260.3,339.3,576.2,441,271,227.1,99.1,2.9,5.3,2379.1,57.6,698.9,1515.3,107.3
ASSAM & MEGHALAYA,1973,9.8,82.8,28.9,252.1,324.5,634.4,364.6,395,348.6,128.7,67.4,35.3,2672.1,92.6,605.5,1742.6,231.4
ASSAM & MEGHALAYA,1974,31.6,11.4,78.7,255.8,369.4,627,789.3,510.9,429.1,271,27.1,2.3,3403.5,43,703.8,2356.3,300.4
ASSAM & MEGHALAYA,1975,10,22.3,18.8,227.9,321.2,337.6,522.4,314.8,299.1,172.7,18,5.8,2270.6,32.3,567.9,1473.9,196.5
ASSAM & MEGHALAYA,1976,5.7,36.3,92.6,139.4,179.5,509.7,390.5,358.5,149.1,67.3,24.3,3.1,1956,42.1,411.5,1407.8,94.6
ASSAM & MEGHALAYA,1977,9.1,16.2,74.4,375.1,391.6,405,461.3,461.9,176.9,175.7,47.7,21.8,2616.6,25.2,841.1,1505.2,245.2
ASSAM & MEGHALAYA,1978,5,8.2,44.3,100.9,253.7,506.6,444,255.8,271.8,65,55.9,0.6,2011.9,13.2,399,1478.2,121.6
ASSAM & MEGHALAYA,1979,3.3,8.7,38.2,93.8,225.6,307.8,640.1,252.4,342.3,216.6,23.4,36.2,2188.5,12,357.7,1542.6,276.3
ASSAM & MEGHALAYA,1980,13.1,36.3,96.9,173.2,289.4,389.5,460,417.8,269.8,141.6,1,0.6,2289.2,49.3,559.6,1537.1,143.2
ASSAM & MEGHALAYA,1981,29.6,30.7,91,152.1,251.5,273.1,543.5,340.7,274.5,47.5,9,36.1,2079.3,60.3,494.6,1431.8,92.7
ASSAM & MEGHALAYA,1982,1.8,31.1,50.6,254.3,215.5,517.2,539.9,377.2,286.4,62,29.9,16.4,2382.2,32.9,520.4,1720.6,108.3
ASSAM & MEGHALAYA,1983,16.4,37.8,90,165.9,278.2,362,582.9,450.2,449.1,156.7,7,24,2620,54.2,534.1,1844.2,187.6
ASSAM & MEGHALAYA,1984,22.4,7.2,28.6,202.8,416,478.5,995.2,360.7,458,159.6,5.7,22.2,3157,29.7,647.4,2292.5,187.5
ASSAM & MEGHALAYA,1985,8.7,32.3,152.6,268.1,335,496,714.6,349.4,335.1,74.4,15.8,19.7,2801.6,41,755.7,1895.1,109.9
ASSAM & MEGHALAYA,1986,16.4,11.7,28,282.8,159.7,404.2,465,416.4,441.1,300.5,59.5,7.4,2592.8,28.1,470.6,1726.6,367.5
ASSAM & MEGHALAYA,1987,8.8,27.8,110.4,197.6,199,525.8,766.5,433,445.4,157.8,37.6,11.9,2921.4,36.5,506.9,2170.6,207.3
ASSAM & MEGHALAYA,1988,7.3,46.1,82.3,157.9,568.6,403.8,644.2,773.4,329.6,168.3,74.3,5.9,3261.7,53.4,808.9,2151,248.5
ASSAM & MEGHALAYA,1989,10.5,51.6,30.4,183.4,260.1,488.8,747,267.9,425.8,194.1,16.2,6.5,2682.1,62,473.8,1929.5,216.8
ASSAM & MEGHALAYA,1990,19.2,46.9,96.7,333.7,304.1,513.8,446.4,348.8,441.1,208.3,7,5.2,2771.2,66.1,734.4,1750.2,220.5
ASSAM & MEGHALAYA,1991,13.7,30.2,62.1,175.7,495.8,517.8,440.5,388.2,437.3,226.2,9.4,41.1,2838,43.9,733.6,1783.8,276.7
ASSAM & MEGHALAYA,1992,14.7,46.3,62,114.5,292.3,450.9,491.4,339.3,296.9,125,14.3,12.1,2259.8,61.1,468.8,1578.5,151.4
ASSAM & MEGHALAYA,1993,73.3,96.9,86.1,138.5,374,619.5,576.9,477.5,296,130.3,8.2,2,2879.2,170.2,598.6,1969.9,140.5
ASSAM & MEGHALAYA,1994,26.6,42.5,157.2,161.3,282,477.6,308.6,308.7,178.5,147,15.9,15.4,2121.3,69.1,600.5,1273.4,178.3
ASSAM & MEGHALAYA,1995,8.7,39.7,42,145.7,299.1,663.3,558.4,543.3,404,80.7,94,7.1,2886.1,48.5,486.8,2169,181.8
ASSAM & MEGHALAYA,1996,12.8,23.2,101.6,99.2,415.6,397.7,499.6,421.8,224.4,267.2,3.5,0.2,2466.9,36,616.4,1543.5,271
ASSAM & MEGHALAYA,1997,18.2,40.7,91.8,131.9,241.8,569.9,511.2,315.5,366.8,36.4,12.6,35.4,2372.2,58.9,465.6,1763.4,84.3
ASSAM & MEGHALAYA,1998,11.8,31.5,136.8,185.7,250.6,581.2,604.4,549.5,212.3,190,48.9,0.4,2803.1,43.4,573.1,1947.4,239.2
ASSAM & MEGHALAYA,1999,2.4,0.5,38.7,150.6,466.8,429,596.7,487.5,196.9,208.6,14.1,2.3,2594.2,2.9,656.1,1710.2,225
ASSAM & MEGHALAYA,2000,20.5,13.7,65.9,238.5,375.1,540.2,313.3,513.2,299.9,83.9,22.2,0.4,2487,34.2,679.5,1666.6,106.6
ASSAM & MEGHALAYA,2001,5.5,39.7,30.9,198.6,266.4,399.8,451.1,295.6,266.8,201.4,20.5,2.3,2178.4,45.2,495.8,1413.2,224.2
ASSAM & MEGHALAYA,2002,20.2,5.7,83.3,279.9,286.9,502.5,565.1,312.5,209.7,49.5,69.4,7.9,2392.7,25.9,650.2,1589.8,126.8
ASSAM & MEGHALAYA,2003,9.5,41.5,96.9,213.8,235.8,551.4,481.2,290.7,250,231.8,13,18.6,2434.1,51,546.5,1573.3,263.4
ASSAM & MEGHALAYA,2004,15.3,19.5,72.8,340.8,342.2,397.9,848.4,286.2,317.2,340.8,6.5,6.6,2994.3,34.8,755.9,1849.7,353.9
ASSAM & MEGHALAYA,2005,22.8,30.5,172.2,207.5,281.2,373.9,474.5,501.9,174.9,218.6,8.9,1.3,2468.3,53.3,660.9,1525.2,228.9
ASSAM & MEGHALAYA,2006,0.7,40.9,20.8,169,325.7,395.9,350.3,209.7,252.3,97.6,25.1,10.7,1898.6,41.5,515.5,1208.1,133.5
ASSAM & MEGHALAYA,2007,1.5,73.7,23.5,242.7,219.8,489.7,682.7,308,494.7,164.7,47.7,4,2752.8,75.2,486.1,1975.1,216.4
ASSAM & MEGHALAYA,2008,29.7,14.5,107.5,156.2,210.6,414.6,493.2,508.6,267.5,133.4,2.2,1.6,2339.7,44.2,474.4,1683.9,137.2
ASSAM & MEGHALAYA,2009,7.9,11.6,44.9,134.9,246.5,321.1,426.3,533.8,192.3,135.9,9,4,2068.2,19.5,426.2,1473.5,149
ASSAM & MEGHALAYA,2010,0.5,3.1,99.6,389.3,393.4,569.7,415.1,387,318.3,116.2,11.6,7.6,2711.5,3.7,882.3,1690.2,135.3
ASSAM & MEGHALAYA,2011,11.1,11.4,109,92.1,238.3,316,395.8,302.6,221.6,30.2,11.9,3.5,1743.4,22.5,439.4,1236,45.6
ASSAM & MEGHALAYA,2012,15.2,6.9,28.8,279.1,185.8,729.7,444.3,289.2,411.6,199.4,17.1,2.3,2609.4,22.1,493.7,1874.8,218.8
ASSAM & MEGHALAYA,2013,1.1,9.6,44,112.8,346.7,286.2,367.8,289.7,229.3,126.3,1,2,1816.4,10.7,503.5,1172.9,129.3
ASSAM & MEGHALAYA,2014,2,28.3,29.3,51.5,351.1,426.4,374.4,484.6,420.2,35,3,0.4,2206.1,30.3,431.9,1705.5,38.5
ASSAM & MEGHALAYA,2015,13.4,15.5,37.5,250.9,332.5,558.5,300.1,590.9,279.9,62.6,14,15.2,2470.9,28.9,620.9,1729.3,91.8
NAGA MANI MIZO TRIPURA,1901,11.7,18.1,29.4,206.2,124,443.3,331.4,466,304.1,166.7,67.4,0,2168.4,29.8,359.6,1544.8,234.2
NAGA MANI MIZO TRIPURA,1902,4.8,0.5,36.3,297.8,215.5,480.1,392.4,312.8,318.7,102.4,8.9,4.7,2175,5.2,549.7,1504,116
NAGA MANI MIZO TRIPURA,1903,6.5,40.5,139.8,45.5,159.9,458.6,300.2,470.6,366.1,166.4,76.7,0.1,2230.7,47,345.1,1595.4,243.2
NAGA MANI MIZO TRIPURA,1904,2.3,46.9,47.5,290.3,230.5,455.3,423.5,423.6,375.8,128.9,90,5,2519.8,49.3,568.3,1678.2,224
NAGA MANI MIZO TRIPURA,1905,9.1,35.3,306.5,161.7,193.6,339.7,450.1,429.9,320.1,246.4,8,27.1,2527.6,44.5,661.8,1539.8,281.5
NAGA MANI MIZO TRIPURA,1906,7,71.5,72.5,99,302.7,417.4,475.2,439.2,439.1,142.8,44.9,3.2,2514.4,78.5,474.2,1770.9,190.9
NAGA MANI MIZO TRIPURA,1907,39.1,30.4,92.8,189.1,156,414.1,400.9,291.4,336.1,114.6,3.9,53.4,2121.7,69.5,437.9,1442.4,171.9
NAGA MANI MIZO TRIPURA,1908,26.4,15,4.3,141.1,252.1,360,531.5,371.9,317.8,192.6,106.5,0,2319.3,41.4,397.5,1581.3,299.1
NAGA MANI MIZO TRIPURA,1909,6,4.7,3.1,201.8,235.1,415.3,348.9,540,245.8,167.7,71.4,69,2308.7,10.7,439.9,1549.9,308.1
NAGA MANI MIZO TRIPURA,1910,26,10.9,30.7,138.4,228,444.8,405,439.8,336.2,196,12.3,0,2267.9,36.9,397,1625.8,208.3
NAGA MANI MIZO TRIPURA,1911,47.3,11.9,102.2,141.3,331.3,444.9,471.5,397.9,287.8,226,17.4,0.3,2479.8,59.1,574.9,1602,243.7
NAGA MANI MIZO TRIPURA,1912,1,36.7,127.8,305.9,222.5,344.7,392.6,394.8,262.8,179.1,34.9,6.1,2308.8,37.7,656.2,1394.9,220
NAGA MANI MIZO TRIPURA,1913,4.3,63.4,109.9,138.1,264.1,559.1,509.2,426.7,222.1,202.9,83.6,29.7,2613.2,67.7,512.2,1717.1,316.2
NAGA MANI MIZO TRIPURA,1914,5,93.3,129.7,255.9,276.5,342.6,437.4,501.5,262,106,13.8,105.4,2529.2,98.4,662.1,1543.5,225.2
NAGA MANI MIZO TRIPURA,1915,13.9,35.5,89.4,198.9,448.9,465.2,478,510.5,310.4,231.1,37.7,0.4,2819.9,49.4,737.2,1764.1,269.2
NAGA MANI MIZO TRIPURA,1916,13.2,17.5,37.3,212.5,131.8,363.8,491.4,419.3,388.5,417.5,55,7.1,2555,30.7,381.6,1663.1,479.6
NAGA MANI MIZO TRIPURA,1917,1.3,81.8,25.6,289.1,121.7,356.6,387.3,375.8,371.7,147.9,63.3,0.1,2222.2,83.1,436.4,1491.4,211.3
NAGA MANI MIZO TRIPURA,1918,3.8,6.1,138.6,224.8,361.9,573.8,638.5,569.3,363.9,75.7,52.3,4.5,3013.3,9.9,725.3,2145.5,132.5
NAGA MANI MIZO TRIPURA,1919,17.5,18.1,17.3,151.1,132.7,358.4,403.5,372.9,375,111.1,84.8,5.7,2047.9,35.6,301,1509.7,201.6
NAGA MANI MIZO TRIPURA,1920,5.1,56.8,272.7,143.7,167.9,363.3,443.6,449.6,326.2,137,7.1,2.7,2375.8,61.9,584.3,1582.7,146.9
NAGA MANI MIZO TRIPURA,1921,46.9,24.1,179.2,178.2,271.3,443.8,387.8,382.4,430.7,286.7,4.7,2.4,2638.2,70.9,628.8,1644.7,293.8
NAGA MANI MIZO TRIPURA,1922,8.5,4.5,17.3,119.3,182.1,569.1,479.6,536.6,330.9,170.8,38.2,5.8,2462.6,13,318.7,1916.2,214.8
NAGA MANI MIZO TRIPURA,1923,0,64.9,13.5,216.2,296.1,506.2,411.9,488.5,374.9,210.9,93.7,8.7,2685.5,64.9,525.8,1781.5,313.3
NAGA MANI MIZO TRIPURA,1924,3.7,45.2,14.1,170.9,295.1,478.6,462.7,482.2,356.2,179.2,213.7,0.1,2701.7,48.8,480.1,1779.7,393
NAGA MANI MIZO TRIPURA,1925,43,36.4,35,195.6,385.5,362.4,461.4,440.3,280.1,170.7,37,0,2447.5,79.4,616.2,1544.3,207.7
NAGA MANI MIZO TRIPURA,1926,24,70.1,155.5,177.1,229.7,361.1,477.6,441.7,287.3,155.6,36.4,47.1,2463.2,94.1,562.3,1567.7,239.1
NAGA MANI MIZO TRIPURA,1927,41.4,103.5,56.3,360.4,245.2,363.8,498.4,456.6,533.9,178.4,48.6,0.8,2887.5,145,662,1852.7,227.9
NAGA MANI MIZO TRIPURA,1928,4.3,28.5,52.3,65.3,309,463.2,397.7,468.3,392.8,272.5,18.4,0.1,2472.4,32.8,426.7,1722,291
NAGA MANI MIZO TRIPURA,1929,38.3,7.7,48,242.7,433,859.1,385,371.4,314.8,121.7,11.3,26.4,2859.4,46,723.7,1930.4,159.4
NAGA MANI MIZO TRIPURA,1930,22.6,53.6,107.5,161,223.1,506.6,438.2,385.6,256.7,100.8,230.7,1,2487.4,76.3,491.6,1587,332.5
NAGA MANI MIZO TRIPURA,1931,2.7,53,59.6,109.9,360.6,388.8,520,300.4,364.1,209.9,69.2,23,2461.1,55.8,530.1,1573.3,302.1
NAGA MANI MIZO TRIPURA,1932,6.1,69.7,99.1,162.2,323.6,600.7,491.2,402.4,376.2,80.4,145.9,4.3,2761.7,75.7,584.8,1870.5,230.6
NAGA MANI MIZO TRIPURA,1933,2.5,19.7,34.3,167,298.4,463.4,476.3,603.5,259.6,113.4,9.6,4.1,2451.8,22.2,499.7,1802.8,127.1
NAGA MANI MIZO TRIPURA,1934,16,135.1,57.1,191.1,313.2,567.2,618.6,368.3,336.4,227.7,197.3,12.8,3040.8,151.1,561.3,1890.6,437.9
NAGA MANI MIZO TRIPURA,1935,0.6,48.3,43.7,173.3,171.2,547.1,506.4,553.5,339.1,124.8,33.1,2.2,2543.3,48.8,388.2,1946.1,160.1
NAGA MANI MIZO TRIPURA,1936,19.3,73.1,104.6,227.5,489.5,418.3,529.7,507.6,309.4,202.6,22.6,13,2917.1,92.4,821.6,1765,238.2
NAGA MANI MIZO TRIPURA,1937,0.1,60,37.3,85.4,337.1,528.9,490.1,614.8,291,207.1,17.9,72,2741.6,60.1,459.8,1924.7,297
NAGA MANI MIZO TRIPURA,1938,29.2,29.2,133.8,153.6,429,494.6,413.6,491.4,441.7,243.9,111.7,0,2971.6,58.4,716.4,1841.2,355.6
NAGA MANI MIZO TRIPURA,1939,2.6,59.3,34.5,203.7,274.4,449.6,638.8,333.9,380.8,198.8,30,2,2608.3,61.8,512.6,1803.1,230.8
NAGA MANI MIZO TRIPURA,1940,0.3,74.6,230.9,35.5,325.6,496.2,458.2,345.7,373.3,131.6,31.4,23.6,2526.7,74.8,592,1673.4,186.5
NAGA MANI MIZO TRIPURA,1941,14.1,63.1,34.1,256.6,563.1,689.4,489.5,372.6,288.2,143.3,44.2,7.9,2966.2,77.2,853.8,1839.7,195.5
NAGA MANI MIZO TRIPURA,1942,6,15.7,78.7,250.4,305.3,528.7,403.3,461.8,420.8,65.4,143.2,1.5,2680.9,21.7,634.4,1814.6,210.1
NAGA MANI MIZO TRIPURA,1943,68.4,28.8,131.3,143.7,210.3,496.1,422.5,485.2,354.9,84,2.2,0.6,2427.9,97.2,485.2,1758.8,86.7
NAGA MANI MIZO TRIPURA,1944,91.4,20.2,69.7,128.6,321.8,670.5,527.9,440.7,490.8,110.5,4.4,0.7,2877.3,111.6,520.2,2130,115.6
NAGA MANI MIZO TRIPURA,1945,68.7,60.9,67.7,170.4,354.2,595.3,573.9,509.7,378.8,205.6,13.3,53.3,3051.9,129.6,592.3,2057.7,272.2
NAGA MANI MIZO TRIPURA,1946,0,19.1,189.3,237.5,352.4,517.5,647.7,397.9,305.1,311.4,7.7,50.5,3036.2,19.1,779.2,1868.2,369.6
NAGA MANI MIZO TRIPURA,1947,3,4.3,44.3,176,374.4,723.9,640.5,491.1,415.6,306,1.7,29.7,3210.2,7.3,594.6,2271.1,337.3
NAGA MANI MIZO TRIPURA,1948,5.5,65.1,54.3,206.5,468.4,410.3,500.1,472.5,424.2,140,71.4,3.7,2822.1,70.6,729.3,1807.2,215.1
NAGA MANI MIZO TRIPURA,1949,8.1,12.6,67.4,370.2,419.6,562.8,507.7,416.9,427.5,177.3,4.2,2,2976.3,20.6,857.3,1914.9,183.5
NAGA MANI MIZO TRIPURA,1950,12.3,59.7,79.1,87.8,207.4,407.4,449.4,535.3,255.4,237.5,82.9,8.7,2423,72.1,374.3,1647.5,329.1
NAGA MANI MIZO TRIPURA,1951,3.9,0.2,62.4,360.1,233.7,495,436.2,440.5,191.1,310.6,54.9,20.8,2609.3,4.1,656.3,1562.7,386.2
NAGA MANI MIZO TRIPURA,1952,9.6,6.5,97.1,208.2,345.9,442.6,556.8,422.8,320.5,323.6,76.2,1.1,2810.9,16.1,651.2,1742.7,400.9
NAGA MANI MIZO TRIPURA,1953,7.4,16.5,98.4,90,453.5,570.9,387,424.3,443.8,136.2,25,8.7,2661.6,23.8,641.9,1825.9,169.9
NAGA MANI MIZO TRIPURA,1954,12.8,52.4,37.7,165.3,300.2,619.8,491.4,558.3,361.7,294.2,2.4,8.8,2905.1,65.2,503.3,2031.2,305.4
NAGA MANI MIZO TRIPURA,1955,6.2,5.7,161.3,213.6,280.6,461.4,559.2,514.7,253.8,183.5,220.2,5.1,2865,11.9,655.5,1789,408.7
NAGA MANI MIZO TRIPURA,1956,18.3,1.3,102.2,115.5,474,758.9,529.8,469.6,257.5,187.1,101.1,7.4,3022.7,19.6,691.7,2015.7,295.6
NAGA MANI MIZO TRIPURA,1957,59.1,60.6,10.2,104.8,300.1,409.1,425.7,429.1,354.4,148.3,0.8,1.7,2303.9,119.7,415.1,1618.3,150.8
NAGA MANI MIZO TRIPURA,1958,6.2,87.2,18.3,93.7,400.6,256.4,308.3,254.8,299.5,238.5,2.3,2.7,1968.6,93.4,512.6,1119,243.5
NAGA MANI MIZO TRIPURA,1959,39.9,77.7,148,74,260,378.5,396.3,357.3,239.1,352.8,0.1,3.9,2327.6,117.6,482,1371.2,356.8
NAGA MANI MIZO TRIPURA,1960,0,6.1,24.9,34.2,193.8,406.4,374.9,286.6,255.6,165.9,51.3,0.3,1799.9,6.1,252.8,1323.5,217.5
NAGA MANI MIZO TRIPURA,1961,9.5,37.5,193.3,76.9,212.1,332.5,316.5,342.8,258.8,96.1,24.4,0.8,1901.2,47,482.4,1250.5,121.3
NAGA MANI MIZO TRIPURA,1962,11.2,26.6,5.4,139.8,156.6,554.6,298.8,356.6,142.5,130.4,0,0,1822.5,37.8,301.9,1352.4,130.4
NAGA MANI MIZO TRIPURA,1963,0,4.6,50.7,179.3,278.5,687.9,510.3,383,494.6,373.4,6.5,1.2,2970,4.6,508.4,2075.9,381.1
NAGA MANI MIZO TRIPURA,1964,4,37.1,67.9,280.6,303.2,357.8,484.4,242,213.3,284.7,46.3,7.5,2328.7,41.1,651.7,1297.4,338.4
NAGA MANI MIZO TRIPURA,1965,1.9,61.5,35.9,59.4,169.5,520.5,373.4,323,262.2,164.1,22.6,37,2031,63.4,264.7,1479.1,223.7
NAGA MANI MIZO TRIPURA,1966,15,2.7,39.8,85.3,190.3,666.8,399.3,405,361.5,207,40.9,65.1,2478.6,17.7,315.4,1832.6,313
NAGA MANI MIZO TRIPURA,1967,51.5,33.6,129.5,195.8,247.8,311.7,388,334,341.3,184.8,10.9,1.1,2229.9,85,573.1,1374.9,196.8
NAGA MANI MIZO TRIPURA,1968,17.3,20.9,80.9,142.2,253.8,396.1,531.9,391,178.3,68.9,28.7,0,2110,38.1,476.9,1497.4,97.6
NAGA MANI MIZO TRIPURA,1969,20.1,2.4,124.6,189.8,73.5,606.6,868.3,1347.2,228.1,126.3,23.2,0,3610,22.4,387.9,3050.2,149.5
NAGA MANI MIZO TRIPURA,1970,45.8,306.3,103.6,160.1,315.9,541.7,976.7,836.7,486.2,425.6,116.7,1,4316.2,352.1,579.6,2841.3,543.2
NAGA MANI MIZO TRIPURA,1971,28.4,67.6,12.4,312.6,248,543.2,624,553.1,421.2,171.3,94.6,4.5,3080.7,96,572.9,2141.5,270.5
NAGA MANI MIZO TRIPURA,1972,4.5,46.3,32.8,145,169.1,235.6,262.7,270.8,129.6,45,12.5,0,1353.8,50.7,347,898.7,57.5
NAGA MANI MIZO TRIPURA,1973,16.8,46,29.3,135.3,329,367.2,260,323.9,232.7,159.7,162.6,43.6,2105.8,62.7,493.5,1183.8,365.8
NAGA MANI MIZO TRIPURA,1974,8.9,2.4,98.7,160.7,218.8,438.1,517.3,361.5,273.4,167.8,81.8,0.2,2329.6,11.3,478.1,1590.3,249.9
NAGA MANI MIZO TRIPURA,1975,1.2,24.5,17.5,164.2,243.7,348.8,526.6,252.9,278.9,205.1,146.1,0.3,2209.7,25.7,425.3,1407.1,351.5
NAGA MANI MIZO TRIPURA,1976,3.3,51.3,113.7,187.8,287.1,861.1,507.8,365,175.1,64.8,34.2,0.1,2651.4,54.7,588.6,1909,99.2
NAGA MANI MIZO TRIPURA,1977,14.2,34.9,27.7,383.8,303.7,452,389.1,355.8,193,149.6,38.2,16.6,2358.5,49.1,715.1,1389.9,204.4
NAGA MANI MIZO TRIPURA,1978,0.7,4,51.6,147.5,449.4,496.7,357.8,277,273.9,70.4,21.6,0,2150.8,4.7,648.6,1405.5,92
NAGA MANI MIZO TRIPURA,1979,1.3,8.3,72.9,55.4,158.8,361.8,370,309.7,272.9,57.9,47.1,33.1,1749.2,9.6,287.1,1314.4,138.1
NAGA MANI MIZO TRIPURA,1980,7.2,42.4,101.6,145.7,461.5,373.3,327.4,312.1,364.4,168.5,0.1,0.7,2305,49.6,708.8,1377.3,169.3
NAGA MANI MIZO TRIPURA,1981,26.6,26.3,105.5,268,377.5,223.2,448.1,329.7,213.2,33.1,11.5,9.6,2072.2,53,750.9,1214.2,54.2
NAGA MANI MIZO TRIPURA,1982,0.1,54.8,73.8,224.6,103.3,371.9,373.6,466.3,284.5,32.8,38.1,3.7,2027.5,54.9,401.7,1496.3,74.5
NAGA MANI MIZO TRIPURA,1983,19.2,49.3,244.9,303.8,402.4,380.9,329.7,392.8,239.7,189,6.2,30.2,2588,68.4,951.1,1343,225.4
NAGA MANI MIZO TRIPURA,1984,17.4,1.8,5.1,121.1,743,514.6,255.3,387.2,250.2,120.4,9.1,28.8,2454,19.2,869.2,1407.3,158.3
NAGA MANI MIZO TRIPURA,1985,6.4,36.2,87.1,162.8,377.6,507.5,275.5,301.9,279.4,52.3,8.7,9.9,2105.3,42.6,627.5,1364.2,70.9
NAGA MANI MIZO TRIPURA,1986,8.8,7.3,17.7,263.4,153,325.5,376.9,364.6,355.8,311.7,131.2,26.3,2342.3,16.1,434.1,1422.8,469.3
NAGA MANI MIZO TRIPURA,1987,7.7,13.1,68.9,195,144.9,420.8,447.2,422.7,388.6,172.2,74,6.1,2361.3,20.8,408.8,1679.4,252.3
NAGA MANI MIZO TRIPURA,1988,0.4,33.6,83.5,141.9,470.2,466.4,540,407.4,298.6,298.6,75.3,4.3,2820.2,34,695.6,1712.4,378.2
NAGA MANI MIZO TRIPURA,1989,0.7,27.1,17.2,139.1,206.9,367.1,470.6,393.6,376.3,352.9,5.3,2.3,2359,27.8,363.2,1607.6,360.4
NAGA MANI MIZO TRIPURA,1990,0.2,32.5,197.6,274.9,314.6,380,387.9,344.7,339.4,168.2,99.3,42.9,2582.3,32.7,787.2,1452,310.4
NAGA MANI MIZO TRIPURA,1991,27.5,41.9,64.1,253.5,619.4,456.6,297.3,326,387.3,291.4,28,58.9,2851.9,69.4,937,1467.2,378.3
NAGA MANI MIZO TRIPURA,1992,4.4,67.1,23.3,95.7,250.2,343.8,439.1,397.2,323.6,243.2,25.4,8.5,2221.4,71.5,369.2,1503.6,277.1
NAGA MANI MIZO TRIPURA,1993,11.1,139.3,92.8,155.4,499.4,539.6,530.9,428.9,302.9,165.4,16,0,2881.7,150.4,747.7,1802.3,181.4
NAGA MANI MIZO TRIPURA,1994,9.5,30.1,219.3,134.7,130.7,256.2,305.7,335.7,161.6,102,27,0,1712.5,39.6,484.7,1059.2,129
NAGA MANI MIZO TRIPURA,1995,5.4,36.5,52,68.7,254.5,425.8,403.6,495.9,312.5,129.7,155.3,0.2,2340.2,41.9,375.2,1637.9,285.3
NAGA MANI MIZO TRIPURA,1996,8.1,30,153.9,97.3,284.2,314,395.1,363.5,341.3,179.7,18.8,8.7,2194.5,38.1,535.3,1413.9,207.2
NAGA MANI MIZO TRIPURA,1997,11.3,23.7,134.4,112,255,334,598.5,273.9,361.6,48.6,17.8,41.3,2212,35.1,501.4,1567.9,107.7
NAGA MANI MIZO TRIPURA,1998,28.1,31.6,136.4,164.6,352.2,297.6,480.6,367.3,222.3,97.9,46.5,0.3,2225.4,59.7,653.2,1367.9,144.7
NAGA MANI MIZO TRIPURA,1999,2.2,0,33.5,26.3,397.5,358.4,422.7,391.3,338.5,227.7,16.5,18.3,2233,2.2,457.3,1510.9,262.6
NAGA MANI MIZO TRIPURA,2000,22.5,26.1,129.1,214.2,403.6,325.4,269.2,465,298.3,185.2,24.2,1.1,2363.9,48.6,746.9,1357.9,210.4
NAGA MANI MIZO TRIPURA,2001,1.5,46.9,38.8,83.6,313.8,478,322.6,263,269,266.4,65.4,0.2,2149,48.4,436.1,1332.6,332
NAGA MANI MIZO TRIPURA,2002,18.6,3.9,62.7,143.8,438.7,351.6,462.2,358.4,225.7,98.9,71.9,6,2242.3,22.5,645.1,1397.8,176.9
NAGA MANI MIZO TRIPURA,2003,3.8,11.5,78,158.9,265.6,590.9,262.4,281.7,288.4,175.1,5.1,40.9,2162.2,15.3,502.4,1423.4,221.1
NAGA MANI MIZO TRIPURA,2004,4.8,2.7,11,341.5,211,449.2,558.6,284.3,351,132.7,6.4,0.5,2353.7,7.4,563.5,1643.2,139.6
NAGA MANI MIZO TRIPURA,2005,6.4,15,118.6,98.1,237,212.3,301.5,334.8,292.6,194.3,15.6,10.5,1836.7,21.4,453.7,1141.1,220.4
NAGA MANI MIZO TRIPURA,2006,0.6,12.4,5.5,111.1,382.2,445.6,335,241.6,231.1,90.4,13,3.7,1872,12.9,498.8,1253.2,107.1
NAGA MANI MIZO TRIPURA,2007,7.9,54.7,28.7,220.4,276.7,446.3,430,373.8,426.6,180.5,82.6,10.1,2538.2,62.6,525.8,1676.6,273.2
NAGA MANI MIZO TRIPURA,2008,30.7,13.8,49.6,54.9,200.8,327.4,333.3,358.6,223.7,150.2,4.7,1.2,1748.9,44.4,305.3,1243,156.1
NAGA MANI MIZO TRIPURA,2009,0,3.2,27.5,93.1,209.5,271.9,295.8,380.9,271.3,158.2,26.1,0.2,1737.7,3.2,330.1,1219.9,184.5
NAGA MANI MIZO TRIPURA,2010,1,7.9,85.8,161.5,294,411.6,367.5,393.2,309.8,220.2,9.2,33.5,2295.2,8.9,541.4,1482,262.9
NAGA MANI MIZO TRIPURA,2011,12.6,3.6,51.4,81.1,334.9,374.2,313.3,367.6,258.3,92.6,2.4,0.2,1892.1,16.1,467.4,1313.4,95.2
NAGA MANI MIZO TRIPURA,2012,24.5,10.2,20.3,243.5,163.5,396.2,280.1,342.7,248.7,160.9,32,0.4,1922.9,34.7,427.3,1267.6,193.3
NAGA MANI MIZO TRIPURA,2013,0.2,5.7,19.7,60.3,348.9,206.6,255.9,291.3,241.4,125.6,0.3,1.2,1557.2,5.9,428.9,995.2,127.1
NAGA MANI MIZO TRIPURA,2014,1.2,21,25.4,49.6,192.5,268.3,295.7,372.3,300.9,69.6,3.3,0.1,1599.9,22.2,267.5,1237.2,73
NAGA MANI MIZO TRIPURA,2015,14.4,14.2,21.6,253.5,198.3,283.9,413.6,334.2,255.9,118.7,3.9,10,1922.4,28.7,473.4,1287.7,132.6
SUB HIMALAYAN WEST BENGAL & SIKKIM,1901,26.5,14.8,14.1,29.2,195.5,488.4,524.8,501.1,242.7,55.5,17.9,2.6,2113.2,41.3,238.9,1757,76.1
SUB HIMALAYAN WEST BENGAL & SIKKIM,1902,1.2,0.7,87.1,126.1,271.3,539.2,671,603.8,799.9,74.4,5.6,0,3180.4,1.9,484.6,2613.9,80.1
SUB HIMALAYAN WEST BENGAL & SIKKIM,1903,5.5,8.7,19.6,18.6,163.6,541.2,431.5,708.8,365.2,141.3,0.3,0,2404.5,14.3,201.9,2046.7,141.6
SUB HIMALAYAN WEST BENGAL & SIKKIM,1904,3.4,29.2,0.9,124.3,333.6,274.2,500.4,468.5,260.6,164.8,8.9,1.1,2169.9,32.5,458.8,1503.7,174.8
SUB HIMALAYAN WEST BENGAL & SIKKIM,1905,12,31.2,51.9,104.4,290.6,524.8,523.1,1036.6,321.1,87.9,2.7,18.7,3005,43.2,447,2405.6,109.3
SUB HIMALAYAN WEST BENGAL & SIKKIM,1906,9.3,49.2,30.4,13,198.1,438,706.4,816,208.6,140.5,8,0.4,2618,58.5,241.5,2169,149
SUB HIMALAYAN WEST BENGAL & SIKKIM,1907,10.4,20.8,71.1,108.8,156.2,408.1,889.8,358.8,456.1,40,5.8,4.1,2530,31.2,336.1,2112.9,49.8
SUB HIMALAYAN WEST BENGAL & SIKKIM,1908,10.6,32.9,9.8,53.8,315,368.6,449.1,268.5,441.6,36,2.3,0,1988.2,43.5,378.6,1527.8,38.3
SUB HIMALAYAN WEST BENGAL & SIKKIM,1909,2.1,8.6,0,147.8,191.9,896,340.9,600.5,340.2,136.8,3.6,1.8,2670.1,10.7,339.7,2177.5,142.2
SUB HIMALAYAN WEST BENGAL & SIKKIM,1910,2.5,17.4,73.2,47.4,170.4,833.7,859.8,489.2,353.1,188,11.2,0.2,3046.1,19.9,291.1,2535.7,199.3
SUB HIMALAYAN WEST BENGAL & SIKKIM,1911,22.9,6.7,40.8,117.3,315.2,575.4,853.2,430.4,493.3,326.4,12.4,0.1,3194.2,29.7,473.3,2352.3,338.9
SUB HIMALAYAN WEST BENGAL & SIKKIM,1912,2.3,12,81.8,134.7,277.3,397.8,743.5,553.3,335.6,133,121.9,0.5,2793.6,14.3,493.8,2030.1,255.4
SUB HIMALAYAN WEST BENGAL & SIKKIM,1913,0.7,35.1,46.5,52.2,301.4,736.9,596.1,477.7,476.6,153.7,4.8,53.2,2935.1,35.9,400.1,2287.4,211.8
SUB HIMALAYAN WEST BENGAL & SIKKIM,1914,2.2,70,9.1,139.2,247.7,402.2,351.3,741.7,392.8,43,14.8,0.3,2414.1,72.2,396,1887.9,58
SUB HIMALAYAN WEST BENGAL & SIKKIM,1915,1,52.9,50.4,72.7,366.4,352.7,509.1,610.7,359,116.5,13,0.6,2504.9,53.9,489.5,1831.5,130.1
SUB HIMALAYAN WEST BENGAL & SIKKIM,1916,6.6,17.6,8.7,165.3,305.4,649,1020.8,514.9,571.9,209.9,5.6,1.1,3476.8,24.2,479.4,2756.6,216.6
SUB HIMALAYAN WEST BENGAL & SIKKIM,1917,1,21.4,15.1,23.4,226.1,619.4,740.5,410.5,428,354.3,1.7,0.4,2841.6,22.4,264.5,2198.4,356.3
SUB HIMALAYAN WEST BENGAL & SIKKIM,1918,0.8,1.5,17.2,141.9,306.3,682.6,703.8,746.9,345,33.6,2,0.1,2981.4,2.2,465.3,2478.2,35.6
SUB HIMALAYAN WEST BENGAL & SIKKIM,1919,19.6,5,5.5,93.4,177.8,558,704,285.9,518.2,170.5,6.1,0.4,2544.5,24.6,276.7,2066.1,177
SUB HIMALAYAN WEST BENGAL & SIKKIM,1920,0.8,24.2,80.5,66,148.9,615.2,389.8,608.7,788.8,161,0.2,0,2884.1,25.1,295.3,2402.5,161.2
SUB HIMALAYAN WEST BENGAL & SIKKIM,1921,37.9,6,54.9,157.4,503.1,589.2,970.2,521.4,479.6,183.8,2.7,7.1,3513.4,43.9,715.5,2560.4,193.7
SUB HIMALAYAN WEST BENGAL & SIKKIM,1922,17.8,2.5,5.6,45.4,217.1,803,719.8,526.3,571.2,87.2,1.9,3.9,3001.9,20.4,268.1,2620.3,93.1
SUB HIMALAYAN WEST BENGAL & SIKKIM,1923,0,40.2,3.8,104.2,336.5,536.9,656.3,228.1,504.1,76.5,0.6,1.7,2489,40.2,444.5,1925.4,78.9
SUB HIMALAYAN WEST BENGAL & SIKKIM,1924,0.8,3.5,4.1,110.9,264.7,693.1,732,491.2,439,128.2,81.4,1.9,2950.9,4.3,379.7,2355.4,211.5
SUB HIMALAYAN WEST BENGAL & SIKKIM,1925,3,6.1,13.1,261.6,284.6,554.1,446,664.5,568.6,69.3,14.8,0.8,2886.6,9.1,559.3,2233.3,84.9
SUB HIMALAYAN WEST BENGAL & SIKKIM,1926,12.7,2.9,66.5,43.7,236.1,580.8,853.8,396.4,331.8,102.8,0.2,9.9,2637.7,15.6,346.4,2162.8,112.9
SUB HIMALAYAN WEST BENGAL & SIKKIM,1927,21,33.9,56.4,44.5,300.4,682.1,518.1,408.4,543.5,107.3,16.3,0.3,2732.2,55,401.2,2152,124
SUB HIMALAYAN WEST BENGAL & SIKKIM,1928,25.5,11.8,5.4,92.6,210.8,527.8,666.2,660.9,395.9,255.3,14.9,1.9,2868.9,37.3,308.9,2250.7,272.1
SUB HIMALAYAN WEST BENGAL & SIKKIM,1929,49.7,2,37.9,126.4,235,594,554.5,392.6,400.9,513.5,10.5,14.3,2931.3,51.7,399.4,1942,538.3
SUB HIMALAYAN WEST BENGAL & SIKKIM,1930,17.6,19.9,51.7,61.3,192.3,495.1,346.1,475.8,329.6,140.4,52,2.4,2184.5,37.5,305.4,1646.7,194.9
SUB HIMALAYAN WEST BENGAL & SIKKIM,1931,2.8,9.7,28.2,98.6,296.3,523.7,793.8,408.7,585.3,112.1,12.7,4.5,2876.5,12.4,423.2,2311.6,129.3
SUB HIMALAYAN WEST BENGAL & SIKKIM,1932,3,7,8.6,72.4,255.9,731.3,363.5,582.9,380.1,154.4,132.1,24.4,2715.6,10,336.9,2057.8,310.9
SUB HIMALAYAN WEST BENGAL & SIKKIM,1933,16.5,9.4,0.5,112.4,206,565.3,653.3,512.3,284.1,149.3,3.9,1.1,2514.2,25.9,318.9,2015,154.4
SUB HIMALAYAN WEST BENGAL & SIKKIM,1934,10.5,60.2,0.4,86.8,227.5,517.2,656.2,455.6,436.3,151.4,4,6.8,2612.9,70.7,314.7,2065.4,162.2
SUB HIMALAYAN WEST BENGAL & SIKKIM,1935,9.5,28.4,16.6,24.2,248.9,609.2,365.4,935.1,521.7,18,6.3,1.8,2785.1,37.9,289.7,2431.5,26.1
SUB HIMALAYAN WEST BENGAL & SIKKIM,1936,3.7,8.9,46.7,85.7,274.8,410.4,663.8,508.7,536,113.2,0.1,8.3,2660.3,12.5,407.3,2118.8,121.6
SUB HIMALAYAN WEST BENGAL & SIKKIM,1937,0,68.6,2.2,63.7,270.2,317.2,477.3,654,354.8,351.6,6.7,2,2568.4,68.6,336,1803.4,360.4
SUB HIMALAYAN WEST BENGAL & SIKKIM,1938,0.8,8.2,7.6,76.2,460.9,889.2,699.4,539,461,102.4,4.4,0.1,3249.3,8.9,544.7,2588.7,106.9
SUB HIMALAYAN WEST BENGAL & SIKKIM,1939,0,19.8,5.8,6.7,268.3,626.3,605.9,460.5,444.6,146.3,6.5,0.3,2591.1,19.8,280.8,2137.4,153.1
SUB HIMALAYAN WEST BENGAL & SIKKIM,1940,0.1,54.2,121.2,24.7,217.1,469.1,600.3,400.8,408.4,11.7,9.5,3.1,2320.2,54.2,363,1878.7,24.3
SUB HIMALAYAN WEST BENGAL & SIKKIM,1941,3.8,6.3,12.7,85.4,378.8,470.1,544.9,582.1,452.8,154.5,22,4.5,2718,10.1,477,2049.9,181
SUB HIMALAYAN WEST BENGAL & SIKKIM,1942,6.6,19.5,45.7,186.9,253.8,537.8,382.2,363.8,511.7,49.7,7.6,0,2365.4,26.1,486.4,1795.6,57.3
SUB HIMALAYAN WEST BENGAL & SIKKIM,1943,42,38.8,30.3,185,209.6,828.9,450,555.7,532.8,39.6,4,0.9,2917.6,80.8,424.9,2367.4,44.5
SUB HIMALAYAN WEST BENGAL & SIKKIM,1944,37.1,15.7,53.9,105.9,248.8,585.9,446.9,416.7,613.3,52.1,6.9,0,2583.2,52.8,408.6,2062.8,59
SUB HIMALAYAN WEST BENGAL & SIKKIM,1945,27.8,21.3,6.9,120.3,305.4,398.3,551.3,680,406.9,235.9,0,1.3,2755.4,49.2,432.6,2036.5,237.1
SUB HIMALAYAN WEST BENGAL & SIKKIM,1946,0,11.6,34.2,182.8,248.7,523.4,599.9,401.1,461.7,297,7.8,0.2,2768.5,11.6,465.7,1986.1,305.1
SUB HIMALAYAN WEST BENGAL & SIKKIM,1947,1.6,0.8,93.4,76,171.1,377.7,688.1,439.2,542,141.9,1.9,0.5,2534.1,2.4,340.5,2046.9,144.3
SUB HIMALAYAN WEST BENGAL & SIKKIM,1948,0.5,15.5,21.5,178.3,357.5,556.3,798,415.5,349.2,185.8,57.1,1.3,2936.6,15.9,557.3,2119.1,244.2
SUB HIMALAYAN WEST BENGAL & SIKKIM,1949,9.6,25.5,14.1,281.8,351.9,660.9,645.1,586.3,395.8,311.4,0.1,5.1,3287.7,35.1,647.8,2288.1,316.7
SUB HIMALAYAN WEST BENGAL & SIKKIM,1950,0.3,19.6,27.9,48.4,210.4,747.5,570.9,639.9,366.2,131,0.2,0.3,2762.5,19.9,286.7,2324.5,131.5
SUB HIMALAYAN WEST BENGAL & SIKKIM,1951,1,0.5,22.7,69.3,239.8,546.5,778.3,503.7,326.1,158,37.3,0,2683.1,1.5,331.7,2154.5,195.4
SUB HIMALAYAN WEST BENGAL & SIKKIM,1952,1.3,22.2,80.8,168.2,420.8,580.6,713,522.9,587.9,148.8,20.7,3.7,3270.7,23.4,669.9,2404.3,173.1
SUB HIMALAYAN WEST BENGAL & SIKKIM,1953,28.2,10.7,88.1,64.5,253.2,427.7,755.2,315.5,540.7,105.7,0.4,4.1,2594,39,405.8,2039.1,110.2
SUB HIMALAYAN WEST BENGAL & SIKKIM,1954,15.7,10.2,10,71.1,308.9,841.5,961.5,496.2,250.8,85.6,0.7,3.5,3055.6,25.9,390,2549.9,89.7
SUB HIMALAYAN WEST BENGAL & SIKKIM,1955,4.6,2.8,34.6,71.5,220.5,541,1064.6,626.2,365,51.3,6.1,4.6,2992.9,7.4,326.6,2596.9,62
SUB HIMALAYAN WEST BENGAL & SIKKIM,1956,14.8,1.4,42.6,164.9,420.9,747.9,471.4,486.8,285.2,215.8,30.1,3.6,2885.5,16.2,628.4,1991.4,249.6
SUB HIMALAYAN WEST BENGAL & SIKKIM,1957,103,8.9,25.5,10.6,167.7,430.2,650.6,535.4,208.4,73.7,7.7,3.8,2225.5,112,203.7,1824.6,85.1
SUB HIMALAYAN WEST BENGAL & SIKKIM,1958,8.1,17.5,14.8,120.6,269.4,487.8,500.3,898.1,353.2,145.6,1.8,3,2820.3,25.6,404.8,2239.4,150.4
SUB HIMALAYAN WEST BENGAL & SIKKIM,1959,99.8,5.7,64.3,111.6,218.7,565.9,538.6,291.7,337.9,345,0.9,0.1,2580.1,105.5,394.6,1734.2,346
SUB HIMALAYAN WEST BENGAL & SIKKIM,1960,0.1,6.5,52,4.8,293.2,407.2,764.5,387.2,623,71.9,0,0,2610.5,6.6,350,2182,71.9
SUB HIMALAYAN WEST BENGAL & SIKKIM,1961,11.5,38.9,19.6,39.3,279.2,448.3,448.9,542,341.5,127.5,2.1,5.4,2304.2,50.4,338.1,1780.8,135
SUB HIMALAYAN WEST BENGAL & SIKKIM,1962,33,21.7,14.4,57.2,318.7,537.1,516.6,663.2,279.5,77.4,0.4,2.6,2521.7,54.7,390.3,1996.4,80.3
SUB HIMALAYAN WEST BENGAL & SIKKIM,1963,2.1,0.7,32.2,103.9,323.6,409.4,676.1,611.9,267.7,152.5,21.7,3,2604.7,2.7,459.7,1965.1,177.2
SUB HIMALAYAN WEST BENGAL & SIKKIM,1964,0,1.2,9.4,127,184.7,613.2,959.1,445.6,486.8,151,3.4,0.1,2981.4,1.2,321,2504.7,154.5
SUB HIMALAYAN WEST BENGAL & SIKKIM,1965,0.2,22,48.2,69.5,232.4,444.6,697.6,830.2,345.7,39.5,32.7,0.2,2762.7,22.1,350.1,2318.2,72.3
SUB HIMALAYAN WEST BENGAL & SIKKIM,1966,29.5,7.6,3,51.5,231.7,287.5,741.5,682.8,357.3,100.9,18.3,3.8,2515.3,37.1,286.2,2069.1,123
SUB HIMALAYAN WEST BENGAL & SIKKIM,1967,2.3,0.1,98.8,85.3,213.7,727.5,901.6,274.1,409.4,128.7,7.9,11.1,2860.5,2.4,397.8,2312.6,147.7
SUB HIMALAYAN WEST BENGAL & SIKKIM,1968,26.3,4.7,34.3,90.8,237.3,646.7,827.6,594.2,514.8,314.3,87.3,0.5,3378.8,31,362.4,2583.3,402.1
SUB HIMALAYAN WEST BENGAL & SIKKIM,1969,11.5,2.8,45.1,77.5,273.3,504.8,550.5,448.2,431.2,45.8,34.1,0,2424.9,14.4,396,1934.6,79.9
SUB HIMALAYAN WEST BENGAL & SIKKIM,1970,18,13.4,7.6,162.5,162.7,556.6,731.2,425.4,560.8,60.7,3.3,0,2702.3,31.4,332.9,2273.9,64.1
SUB HIMALAYAN WEST BENGAL & SIKKIM,1971,28.4,21.3,63,239.8,244.5,757.6,599.5,542,375.4,328.7,24.8,1.9,3226.8,49.7,547.4,2274.4,355.4
SUB HIMALAYAN WEST BENGAL & SIKKIM,1972,9.4,41.6,52.1,134.3,287.5,457.2,590.3,335.1,407.1,86.8,12.3,0.9,2414.6,51,473.9,1789.7,100
SUB HIMALAYAN WEST BENGAL & SIKKIM,1973,13.8,35.9,40.8,82.9,324.3,679.8,426.5,424.7,474.1,281.3,16.6,3.9,2804.6,49.7,448,2005.1,301.8
SUB HIMALAYAN WEST BENGAL & SIKKIM,1974,19.1,2.5,94.4,210.8,339,508.1,826.8,673.7,480.8,175,3,8.3,3341.6,21.6,644.2,2489.4,186.3
SUB HIMALAYAN WEST BENGAL & SIKKIM,1975,20.4,29.9,15.6,83.7,251.1,493.2,808.2,263.8,515.7,174.6,1,6.6,2663.6,50.2,350.4,2080.8,182.2
SUB HIMALAYAN WEST BENGAL & SIKKIM,1976,8.8,51,27.3,112.8,303.5,649.2,531.9,671.7,288,113.1,35.5,1.2,2793.9,59.7,443.6,2140.8,149.8
SUB HIMALAYAN WEST BENGAL & SIKKIM,1977,6.6,16,67.6,245.6,308.1,466,502.9,627.8,316,263.7,60.8,25.3,2906.5,22.6,621.3,1912.7,349.8
SUB HIMALAYAN WEST BENGAL & SIKKIM,1978,14.7,17.9,49.3,136.7,313.3,515.5,545.2,274,376.5,62.9,61.1,10.8,2377.8,32.6,499.2,1711.1,134.8
SUB HIMALAYAN WEST BENGAL & SIKKIM,1979,8.1,26.8,15.1,100.6,142,261.7,741.7,432.4,427,286.5,31.7,38.1,2511.7,34.9,257.7,1862.9,356.3
SUB HIMALAYAN WEST BENGAL & SIKKIM,1980,11.6,44.8,77.3,130.4,300.1,485.9,774.4,692.5,477.5,151.2,0.9,2,3148.6,56.4,507.8,2430.4,154.1
SUB HIMALAYAN WEST BENGAL & SIKKIM,1981,48.8,23,77.8,185.6,273.7,468.6,833.1,540.9,453.2,38.1,9.2,17.3,2969.3,71.8,537.1,2295.9,64.6
SUB HIMALAYAN WEST BENGAL & SIKKIM,1982,0.2,9.9,47,125.6,174.5,499,749.5,305.5,341.6,54.1,20,10.6,2337.7,10.1,347.1,1895.7,84.8
SUB HIMALAYAN WEST BENGAL & SIKKIM,1983,26.7,56.9,35.3,87.7,335.3,557.9,758.4,295.6,535.8,125.1,3.2,20.8,2838.8,83.7,458.3,2147.6,149.1
SUB HIMALAYAN WEST BENGAL & SIKKIM,1984,29.3,11.3,42.6,127.3,360.1,474.6,737.2,364.8,405.5,179.1,5.1,11.5,2748.4,40.6,530,1982.1,195.7
SUB HIMALAYAN WEST BENGAL & SIKKIM,1985,2.2,30.5,43.2,69.5,358.6,532.7,907.4,372.7,464.5,211.9,17.4,27.3,3037.9,32.8,471.2,2277.3,256.6
SUB HIMALAYAN WEST BENGAL & SIKKIM,1986,1.3,5.8,7.9,122.4,152.1,436.4,545.4,363.2,493.9,215.1,15.5,6.4,2365.4,7.1,282.4,1838.9,237
SUB HIMALAYAN WEST BENGAL & SIKKIM,1987,2.8,35.3,79.8,152.7,148,451,791.9,836.6,530.3,150.3,5.6,1.2,3185.5,38.1,380.6,2609.8,157.1
SUB HIMALAYAN WEST BENGAL & SIKKIM,1988,6.8,24.6,71.2,96.5,268.8,304.9,831.7,990.5,446.6,76,18.4,5.5,3141.4,31.4,436.5,2573.6,99.9
SUB HIMALAYAN WEST BENGAL & SIKKIM,1989,21,41.6,45.8,58.1,358.4,551.3,629.8,407.8,593.6,98.9,30.7,17.6,2854.6,62.6,462.2,2182.5,147.2
SUB HIMALAYAN WEST BENGAL & SIKKIM,1990,3.8,109.9,80.1,158.3,358.2,554.7,814.1,916.6,440.6,115,0.4,13.7,3565.3,113.6,596.6,2726,129.1
SUB HIMALAYAN WEST BENGAL & SIKKIM,1991,41.5,24.2,45.8,102.7,283.7,691.4,592.6,500.9,689.5,67.8,1.7,30.4,3072.4,65.7,432.3,2474.4,99.9
SUB HIMALAYAN WEST BENGAL & SIKKIM,1992,10,46.7,26,84,253.4,328.1,736.3,458,276.4,125.5,5,9.5,2358.8,56.7,363.4,1798.8,140
SUB HIMALAYAN WEST BENGAL & SIKKIM,1993,37.6,35.2,58.8,136.9,320.5,449.6,723.9,521.6,352.2,228.8,28.4,2.4,2895.9,72.9,516.2,2047.3,259.6
SUB HIMALAYAN WEST BENGAL & SIKKIM,1994,49.6,55,114.1,126.6,243.3,388,357.3,396.1,302.1,84.3,8.5,2.2,2127.3,104.6,484.1,1443.6,95
SUB HIMALAYAN WEST BENGAL & SIKKIM,1995,17.9,41.1,50.6,84.2,349.6,859,775.3,539.2,638.5,99.7,88.6,14,3557.8,59,484.5,2812,202.3
SUB HIMALAYAN WEST BENGAL & SIKKIM,1996,30.9,34.2,59.5,85,401.7,334.6,863.6,545.1,337.9,107.3,0.4,0,2800.3,65.1,546.1,2081.3,107.8
SUB HIMALAYAN WEST BENGAL & SIKKIM,1997,18.9,31.3,76.4,119.5,166.9,613.3,488.1,479,443.9,41.3,16.3,56.5,2551.4,50.2,362.9,2024.2,114.1
SUB HIMALAYAN WEST BENGAL & SIKKIM,1998,13.6,37,125.1,154.1,254.2,653,854.6,860.4,478.9,209.1,13.1,2.1,3655.1,50.5,533.4,2846.8,224.3
SUB HIMALAYAN WEST BENGAL & SIKKIM,1999,8.7,6.2,17.9,156,335.4,550.5,831.7,751.6,404.1,246,10.7,4.5,3323.3,14.9,509.3,2537.9,261.2
SUB HIMALAYAN WEST BENGAL & SIKKIM,2000,10.7,36.2,55.1,185.1,326.5,649.6,574.3,498.1,465.8,82.9,22.6,1.2,2908,46.9,566.6,2187.8,106.7
SUB HIMALAYAN WEST BENGAL & SIKKIM,2001,4,20.5,50.2,134.8,347.2,472.2,399,424.5,434.9,282.8,36.6,5.9,2612.6,24.5,532.2,1730.5,325.4
SUB HIMALAYAN WEST BENGAL & SIKKIM,2002,30.1,10,95.6,237.1,181.7,407.2,743.3,406.6,340.1,75.7,8.7,10.8,2547,40.1,514.4,1897.2,95.2
SUB HIMALAYAN WEST BENGAL & SIKKIM,2003,17,79.2,90.1,171.4,211.7,516.6,703,354,321.4,223,16.4,19.2,2723.3,96.3,473.3,1895.1,258.7
SUB HIMALAYAN WEST BENGAL & SIKKIM,2004,19.9,11.5,40.5,163.5,287.5,489.5,739.5,356.4,394.7,198.4,9,4.4,2714.7,31.4,491.5,1980.1,211.8
SUB HIMALAYAN WEST BENGAL & SIKKIM,2005,19.5,21,132.1,155.5,254,446.5,704.3,564.5,229.9,271.1,8.8,0.5,2807.7,40.6,541.6,1945.1,280.4
SUB HIMALAYAN WEST BENGAL & SIKKIM,2006,0.7,17,39.8,119.3,270.5,446.2,470.2,295,456.8,118.4,20.3,7.9,2262.1,17.7,429.6,1668.2,146.6
SUB HIMALAYAN WEST BENGAL & SIKKIM,2007,3.1,81.1,46.6,160.1,215.1,485.1,686.3,412.4,458.6,79.5,8.8,2,2638.9,84.2,421.7,2042.5,90.3
SUB HIMALAYAN WEST BENGAL & SIKKIM,2008,33.2,22.1,79.8,141.8,171.4,526.5,657.7,636.3,296.7,97.9,16.9,9.5,2689.9,55.3,393,2117.3,124.3
SUB HIMALAYAN WEST BENGAL & SIKKIM,2009,6,40.3,55,115.2,308.7,350.6,456.1,568.4,174.6,235.1,9.1,5.6,2324.6,46.3,478.9,1549.6,249.8
SUB HIMALAYAN WEST BENGAL & SIKKIM,2010,5.6,19.6,77.6,176.6,335.9,558.1,593.4,461.3,308.1,66.2,7.9,2.2,2612.3,25.2,590,1920.8,76.3
SUB HIMALAYAN WEST BENGAL & SIKKIM,2011,8.5,19.9,71.2,135,247.8,419.8,612.3,470.3,356.3,46.7,26.7,4.3,2418.7,28.4,453.9,1858.6,77.7
SUB HIMALAYAN WEST BENGAL & SIKKIM,2012,15.3,13.9,45.5,159.8,202.4,604.2,684.5,332.7,434.7,119.4,12.5,7.4,2632.2,29.2,407.7,2056,139.3
SUB HIMALAYAN WEST BENGAL & SIKKIM,2013,3,23.6,32.1,114.7,296.5,404.9,588.4,416.3,308,199.8,16.1,2.7,2406.1,26.7,443.4,1717.6,218.5
SUB HIMALAYAN WEST BENGAL & SIKKIM,2014,0.2,26.6,37.7,47.9,308.6,543.2,384.6,563.3,371.5,31.2,5.3,2.4,2322.6,26.9,394.2,1862.6,38.9
SUB HIMALAYAN WEST BENGAL & SIKKIM,2015,15.7,15,64.8,149,304.6,508.2,393.3,626.6,354.9,53.6,23.8,9,2518.6,30.7,518.5,1883,86.4
GANGETIC WEST BENGAL,1901,37.1,58.4,3.9,64.1,121.7,198,280.8,275.7,313.5,51.1,83.4,0,1487.6,95.5,189.7,1068,134.4
GANGETIC WEST BENGAL,1902,0,1.2,44.2,103.8,161.6,140.9,347.8,264.8,230.5,32.5,10.4,9.9,1347.7,1.2,309.6,984,52.9
GANGETIC WEST BENGAL,1903,17.5,24.6,37.3,30.6,78.5,201.7,179.6,277.6,300.7,198,8.2,0,1354.3,42.1,146.4,959.6,206.2
GANGETIC WEST BENGAL,1904,0.1,23.9,35.6,17.5,160.2,286.7,435.3,241.7,142.8,35.1,4.1,0.1,1383.1,24,213.3,1106.4,39.3
GANGETIC WEST BENGAL,1905,30.9,49.6,84.7,84.9,156.8,70.9,525.5,263.6,287.6,107.3,0,5.2,1666.9,80.5,326.3,1147.6,112.6
GANGETIC WEST BENGAL,1906,46.8,123.6,53.3,1.1,81.3,172,307.1,264.6,193.2,140,12.5,0,1395.6,170.4,135.7,936.9,152.6
GANGETIC WEST BENGAL,1907,0.7,24.2,94.9,39.7,92.3,347.6,217.5,249.9,232.3,13.3,0,24.7,1337,24.8,226.9,1047.3,38
GANGETIC WEST BENGAL,1908,27,5.1,1.9,5.2,109.9,380.4,383.5,290.4,174.9,21.3,0.2,0,1400,32.1,117.1,1229.2,21.5
GANGETIC WEST BENGAL,1909,5.6,6.4,0.6,145.2,97.2,335,232.4,504.3,273,75.3,1.3,21.4,1697.8,12.1,242.9,1344.8,98
GANGETIC WEST BENGAL,1910,23,10.8,9.4,48.4,101.7,241.8,319.4,250.9,209.6,170.7,0.2,0,1385.9,33.8,159.4,1021.8,170.9
GANGETIC WEST BENGAL,1911,1.2,2.9,42.8,35.3,110.4,276.6,168.4,261.5,260.2,93.3,12.3,0,1264.9,4.1,188.5,966.7,105.5
GANGETIC WEST BENGAL,1912,1.8,23.6,71.6,48.9,109.3,199.4,325.3,255,134.3,99.5,78.7,0,1347.4,25.3,229.8,914,178.2
GANGETIC WEST BENGAL,1913,4.1,110.7,35.1,12.8,157,512,367.7,290.3,186.2,122.6,18.5,9.8,1826.8,114.8,204.9,1356.3,150.9
GANGETIC WEST BENGAL,1914,0,31,21.8,56.4,230.9,192.8,400.8,218.8,186.4,28.5,0,16.4,1383.9,31,309.2,998.8,44.9
GANGETIC WEST BENGAL,1915,6.1,9.1,79.5,26.5,122.5,224.5,228.5,236.7,229.3,88.3,59,0.3,1310.3,15.1,228.5,919,147.6
GANGETIC WEST BENGAL,1916,0.6,2.1,0.5,58.3,42.3,378.5,148.9,320.5,283.8,286.7,78.2,0.1,1600.5,2.7,101.2,1131.6,365
GANGETIC WEST BENGAL,1917,0.4,33.6,19.7,29.4,171.4,366.8,321.8,259.9,204.7,358.3,9.7,0,1775.8,34,220.6,1153.2,368
GANGETIC WEST BENGAL,1918,1.3,0,22.9,81.1,177.8,374.6,194.2,366.8,169.2,4.1,0.3,3,1395.4,1.4,281.8,1104.8,7.5
GANGETIC WEST BENGAL,1919,41.9,19.3,10.5,61.8,125.3,306,299,385.9,148.9,48,35.7,0,1482.2,61.3,197.6,1139.8,83.6
GANGETIC WEST BENGAL,1920,0.4,36.7,152.5,14.6,77,127.8,380.3,294.4,171.2,106.1,2.5,0,1363.6,37.1,244.1,973.7,108.7
GANGETIC WEST BENGAL,1921,36.5,10.1,13.2,57.4,53.3,238.4,279.6,382.1,177.7,51.9,0,0,1300.2,46.6,123.9,1077.8,51.9
GANGETIC WEST BENGAL,1922,7.4,3.1,1.2,22,72.3,553,269.7,400.8,244.3,75.8,4.7,1.4,1655.6,10.5,95.4,1467.7,81.9
GANGETIC WEST BENGAL,1923,0.1,92.2,8.2,22.1,71.5,154.3,330.8,405.6,110.1,72.2,16.9,1.2,1285.2,92.3,101.8,1000.8,90.3
GANGETIC WEST BENGAL,1924,8.2,5.3,0.3,38.5,64.9,181.2,308,260.7,254.8,82.1,62.5,0,1266.5,13.5,103.7,1004.7,144.6
GANGETIC WEST BENGAL,1925,10.7,14.8,28.4,78.9,106.2,171.8,305.7,211.2,158.4,184.5,3.1,0,1273.6,25.5,213.5,847,187.6
GANGETIC WEST BENGAL,1926,26.4,9.5,111.3,25.6,85.5,103.7,579.3,431.3,243.7,78.9,0.9,9.1,1705.4,35.9,222.4,1358.1,89
GANGETIC WEST BENGAL,1927,31.6,37.4,9.1,22.3,96.7,227.7,317.4,224.6,161.6,58.6,3.7,0,1190.5,69,128.1,931.2,62.3
GANGETIC WEST BENGAL,1928,12.8,3.2,1.6,51.3,110.9,427,428.1,325.1,113.3,149.9,1.7,0.1,1625,15.9,163.8,1293.5,151.8
GANGETIC WEST BENGAL,1929,42.8,13.2,38.8,41.8,52.5,208.1,398.6,297.3,168.3,264.6,0,31.4,1557.3,56,133.1,1072.3,296
GANGETIC WEST BENGAL,1930,1.8,12.1,19.9,18.6,86.3,186.9,410.7,307.3,200.1,41.1,95.1,1.1,1380.8,13.8,124.8,1105,137.3
GANGETIC WEST BENGAL,1931,2.2,74.6,27.1,22.7,111.5,157.2,368.5,286.7,197,168.3,59,0.9,1475.8,76.8,161.3,1009.4,228.3
GANGETIC WEST BENGAL,1932,0,12.9,5.1,31.9,196.6,151.1,297.5,259.6,177.7,64.2,110.2,0,1306.9,12.9,233.6,885.9,174.4
GANGETIC WEST BENGAL,1933,16.3,53.3,3.7,75.6,171.6,326.3,384.9,420.8,266.9,144.8,2.1,0.8,1867.2,69.6,250.9,1398.9,147.7
GANGETIC WEST BENGAL,1934,5.5,19.6,0.6,39.9,58.6,200,209,269.6,197.1,85,14.9,17.8,1117.4,25.1,99,875.6,117.7
GANGETIC WEST BENGAL,1935,12.1,26.3,30.8,34.6,33.6,163.4,233.1,298.9,171.1,9.6,0,1.6,1015.1,38.3,99,866.5,11.2
GANGETIC WEST BENGAL,1936,9.8,12.6,20.3,16.4,223.8,299.9,331.4,251.4,253.9,74.7,4,7.5,1505.6,22.4,260.5,1136.6,86.1
GANGETIC WEST BENGAL,1937,0,112.8,8.6,16.8,130.3,300.8,265.6,280.4,295.7,109.2,1.9,0.4,1522.5,112.8,155.8,1142.5,111.4
GANGETIC WEST BENGAL,1938,15.7,33.1,2.8,8.9,234.9,233.7,244.6,310.2,160.8,78.9,14.2,0,1337.8,48.8,246.6,949.3,93.1
GANGETIC WEST BENGAL,1939,2.4,23.1,10.9,20.2,70.2,250.5,420.2,450.9,207.5,220.6,21.2,0.8,1698.4,25.5,101.3,1329.1,242.6
GANGETIC WEST BENGAL,1940,0.1,30.3,103.9,18.3,98.9,218.1,236.2,384.3,199.6,58.9,7.3,2.8,1358.5,30.3,221.1,1038.1,68.9
GANGETIC WEST BENGAL,1941,29.3,0.4,0.7,27.6,87.5,376.1,404.3,396.5,184.4,219.6,74.3,0.4,1801.1,29.7,115.9,1361.3,294.3
GANGETIC WEST BENGAL,1942,1.2,16.7,14.7,52,64.2,144.5,374.9,406.9,384.1,142.6,13.9,0,1615.6,18,130.8,1310.3,156.5
GANGETIC WEST BENGAL,1943,39.4,25.7,16.9,85.4,53.6,209.5,418.5,320.5,186.8,90,0,0,1446.2,65.1,155.9,1135.3,90
GANGETIC WEST BENGAL,1944,60,24.4,40.2,44.8,36.1,147.5,349.8,477.4,147,79.1,0.1,0,1406.4,84.3,121.1,1121.8,79.1
GANGETIC WEST BENGAL,1945,18,13.6,5.1,75.7,110.2,196.2,196.3,213.2,198.6,244.2,0.1,0.3,1271.5,31.6,191,804.3,244.6
GANGETIC WEST BENGAL,1946,0,4.2,11.3,131.5,117.6,247.4,297.4,374.2,305.3,196.8,28.3,0.2,1714.2,4.2,260.4,1224.3,225.3
GANGETIC WEST BENGAL,1947,3.4,13.1,43.3,18.4,104,172.7,348.9,292,237.4,95.9,0.5,33.5,1363,16.5,165.7,1050.9,129.9
GANGETIC WEST BENGAL,1948,13.2,44.9,48.4,52.6,135.9,200.4,268.4,323.6,214.3,116.7,113.6,0,1532.1,58.1,236.9,1006.8,230.3
GANGETIC WEST BENGAL,1949,6.8,3,33.5,114.7,188.9,214.5,325,285.5,209.8,110.5,1.3,0,1493.7,9.8,337.2,1034.8,111.8
GANGETIC WEST BENGAL,1950,0,6.5,25.9,14.1,101.2,371.1,338.8,373.3,176.4,93.3,115.2,0,1615.6,6.5,141.2,1259.5,208.5
GANGETIC WEST BENGAL,1951,0,0.4,62.1,13.1,67.4,180.7,253.5,260.3,200.1,140,36,0.4,1214,0.4,142.7,894.5,176.5
GANGETIC WEST BENGAL,1952,0.3,1.1,23.3,99.7,77,167.4,431,244.7,189.1,159.6,2.5,0,1395.7,1.4,199.9,1032.2,162.1
GANGETIC WEST BENGAL,1953,25.8,14.1,4.8,13.6,61.9,311.1,358.3,343.1,278.5,56,38.6,0,1505.8,39.9,80.3,1291,94.6
GANGETIC WEST BENGAL,1954,12.3,5.9,0.3,11.6,88.6,211.1,201.7,215.1,247.1,56.8,1.5,28,1080,18.2,100.5,875,86.3
GANGETIC WEST BENGAL,1955,2.9,2.3,11.4,24.3,48,174.7,338.8,251.9,188.1,151.9,73.9,0.1,1268.2,5.2,83.8,953.4,225.9
GANGETIC WEST BENGAL,1956,4.5,33.9,50.7,25.6,141.6,343.3,253.9,295.4,391.1,157.6,12.7,3.9,1714.2,38.3,217.9,1283.7,174.2
GANGETIC WEST BENGAL,1957,50.2,26.6,8.7,6,16.4,231.8,312.1,201.1,239.4,38.2,0.1,0,1130.5,76.8,31.1,984.4,38.3
GANGETIC WEST BENGAL,1958,12.7,25.6,13.3,37.9,58.3,95.2,280.1,215.1,294.7,109.3,8.9,0,1151.1,38.4,109.5,885.1,118.2
GANGETIC WEST BENGAL,1959,33.5,12.7,17.3,28.2,91.4,208.5,273.3,328.5,487.3,331.2,0.3,0.4,1812.9,46.3,137,1297.7,332
GANGETIC WEST BENGAL,1960,0.6,1.4,30.9,0.9,122.3,117.5,336.5,317.4,246.3,71.1,0.6,0,1245.5,2,154.2,1017.7,71.6
GANGETIC WEST BENGAL,1961,11.1,75.8,6.8,13.6,91.2,275,171.4,252.8,290.9,101,0.8,0.1,1290.4,86.8,111.6,990.1,101.9
GANGETIC WEST BENGAL,1962,8.8,13.1,6,54.5,80.3,185.6,241.1,209.3,233.6,141,0,0.1,1173.6,21.9,140.9,869.7,141.1
GANGETIC WEST BENGAL,1963,0.4,2.4,5.7,61.6,103.6,258.8,277.6,167.1,270.9,131.5,9.5,0.5,1289.5,2.7,170.9,974.4,141.5
GANGETIC WEST BENGAL,1964,2.7,11.1,18,58.3,84.7,136.2,404.2,211.3,219.9,124,8,0,1278.5,13.8,161.1,971.6,132
GANGETIC WEST BENGAL,1965,0.3,33.9,46.5,32.8,45.3,227.6,289.6,287,220.3,80.1,0.3,0.2,1263.7,34.2,124.5,1024.5,80.5
GANGETIC WEST BENGAL,1966,33.1,4.4,5.1,18.3,43.4,296,168.7,236.6,187.2,84.9,34.7,6.3,1118.7,37.5,66.8,888.5,125.9
GANGETIC WEST BENGAL,1967,52.5,3.3,44.9,65.3,53,131.6,247.8,368.8,326.2,52.3,1.3,1.4,1348.4,55.8,163.2,1074.4,55
GANGETIC WEST BENGAL,1968,5.7,7.6,7.7,12.6,35.5,368.8,418.2,472.2,115.2,115.9,37.8,0.6,1597.7,13.3,55.7,1374.3,154.3
GANGETIC WEST BENGAL,1969,4.7,5.1,20.9,80.2,89,139.8,276.2,418,300.9,45.9,23.2,0.2,1404,9.9,190.1,1134.9,69.3
GANGETIC WEST BENGAL,1970,10.8,15.1,30.8,16.8,63.5,323.2,285,219.8,472.6,195,15.8,0,1648.5,25.9,111.1,1300.7,210.9
GANGETIC WEST BENGAL,1971,30.6,14.2,4.8,174.2,122.1,260.3,472.5,573.4,252.8,163.5,31.4,0,2099.8,44.8,301.1,1559,194.9
GANGETIC WEST BENGAL,1972,2.8,43.1,4.1,16.4,25.1,125.9,288.3,543.2,222.5,59.7,2.1,0,1333.2,45.8,45.6,1179.9,61.8
GANGETIC WEST BENGAL,1973,1.3,8.9,67.6,26,134.2,204.2,304.9,335,401.6,206.6,20.9,23.9,1735.2,10.2,227.8,1245.7,251.5
GANGETIC WEST BENGAL,1974,3.6,0,83.1,29.8,94.5,96.4,438.5,317.1,262.7,140.3,4.6,0,1470.7,3.6,207.5,1114.6,144.9
GANGETIC WEST BENGAL,1975,9.9,18.7,10.6,38.1,65.8,156.6,364.9,331.1,286.3,141.6,42.6,0,1466.2,28.6,114.5,1138.9,184.2
GANGETIC WEST BENGAL,1976,0,32.8,20.7,47.5,133.1,148.9,296.6,279.6,197.5,52.1,31.2,0.6,1240.6,32.8,201.3,922.6,83.8
GANGETIC WEST BENGAL,1977,11.7,24.2,7.3,89.9,176.4,409.4,450.9,329.4,171.3,86.6,48,35.5,1840.6,35.9,273.6,1361,170.1
GANGETIC WEST BENGAL,1978,1.4,21.2,50.5,49.8,116.3,253,274.1,349.1,591.8,148.8,10.3,6.4,1872.5,22.6,216.5,1467.9,165.5
GANGETIC WEST BENGAL,1979,16,27.3,8.4,28,22.3,282.9,296.4,229.6,167,48,11.5,20.4,1157.9,43.3,58.7,975.9,79.9
GANGETIC WEST BENGAL,1980,15.5,22.6,60.9,21.8,109.9,303.6,403.2,243.3,181,158.6,0,0.4,1521,38.1,192.7,1131.2,159.1
GANGETIC WEST BENGAL,1981,13.7,63.9,64.8,110.8,250.9,321.4,417.7,327.7,250,11.6,3.8,72.8,1909,77.6,426.5,1316.7,88.2
GANGETIC WEST BENGAL,1982,2.4,35.8,87.2,70.9,37.1,196,224.5,308.9,101.1,29.2,17.9,0,1111,38.2,195.2,830.4,47.1
GANGETIC WEST BENGAL,1983,9.1,39.2,47,44.2,132.5,188.9,207.6,365.4,247.4,167.6,1.1,13.6,1463.6,48.2,223.7,1009.4,182.3
GANGETIC WEST BENGAL,1984,19.1,2.6,0.6,46.6,82.6,597.1,332.7,442.2,196.4,111.8,0,0,1831.7,21.7,129.8,1568.4,111.8
GANGETIC WEST BENGAL,1985,10.9,22,8.8,24.1,99.6,280.4,286.3,340.6,201.8,137.2,1.8,0,1413.4,32.9,132.4,1109.1,139
GANGETIC WEST BENGAL,1986,9.6,6.3,7.1,48.5,146.1,227.9,313.4,181.2,522.2,201.5,106.4,20.6,1791,15.9,201.7,1244.8,328.5
GANGETIC WEST BENGAL,1987,1.8,7.1,18.9,76.6,91.7,146.9,427.4,473,262.6,34.1,43.7,7.7,1591.5,8.9,187.2,1309.9,85.5
GANGETIC WEST BENGAL,1988,1.7,22.9,53.5,45.3,109.3,508.8,299.9,292.6,207.1,100.4,39.5,0.5,1681.5,24.6,208.1,1308.4,140.4
GANGETIC WEST BENGAL,1989,0.4,4.9,6.1,5.4,173.6,318.2,414.5,291.4,284.2,105.5,3.7,18.3,1626.3,5.3,185.1,1308.3,127.5
GANGETIC WEST BENGAL,1990,2.2,62.2,119,79.3,147.6,268.2,520.2,236.3,300.7,174.2,47.9,3.5,1961.3,64.4,346,1325.4,225.6
GANGETIC WEST BENGAL,1991,27.8,11.4,41.7,34.5,66.1,257.4,381.2,331.3,249.2,125.6,15.6,67.5,1609.1,39.2,142.2,1219,208.7
GANGETIC WEST BENGAL,1992,14,49.5,0.1,25,127,239.9,407.6,254.1,226.6,66.2,4.4,0.2,1414.6,63.5,152.1,1128.3,70.7
GANGETIC WEST BENGAL,1993,0.3,3.8,40.8,78.6,116.2,328.5,280,357.7,421.4,94.2,38.2,0,1759.7,4,235.6,1387.6,132.5
GANGETIC WEST BENGAL,1994,23.8,48.8,7.3,63.7,98,310.1,426.1,294.4,166.1,82.9,9.6,0,1530.8,72.6,169,1196.8,92.5
GANGETIC WEST BENGAL,1995,20.2,30.1,8.7,10.1,202.9,185.4,401.1,413,411.5,86.4,160.5,6.2,1936,50.3,221.7,1411,253.1
GANGETIC WEST BENGAL,1996,11,13.2,10.4,39.2,67.5,336,251.3,472,143.5,155.9,4.1,0,1504,24.2,117,1202.7,160
GANGETIC WEST BENGAL,1997,18.7,23.6,44.2,101.8,98.2,219.6,437.3,387.3,244,27.8,30.5,24.9,1657.7,42.3,244.1,1288.1,83.1
GANGETIC WEST BENGAL,1998,52.9,31,128.8,53,87.1,154.3,295.2,265.7,296.3,191.4,77.1,0,1632.7,83.9,268.9,1011.5,268.4
GANGETIC WEST BENGAL,1999,0.1,0.7,1.6,10.5,217.9,268.8,405.2,375.4,467.8,195.3,13.7,0,1957,0.8,230,1517.2,209
GANGETIC WEST BENGAL,2000,9.5,57.9,3.8,54,215,205.6,341.5,178.4,428.4,76.2,1.6,0.1,1572.1,67.4,272.8,1153.9,77.9
GANGETIC WEST BENGAL,2001,0.3,1.9,32.8,49.4,175.8,384.2,269.3,248.7,205.9,163.6,8.8,0,1540.6,2.2,258,1108,172.4
GANGETIC WEST BENGAL,2002,26.3,1.5,26.6,77.4,114.1,347.7,281.6,289.3,326.4,71.5,50.9,0.1,1613.3,27.8,218.1,1244.9,122.5
GANGETIC WEST BENGAL,2003,0.5,11.7,70,36.3,81.9,280.5,253.4,239.3,155,341.5,8.9,17.7,1496.7,12.2,188.2,928.2,368.1
GANGETIC WEST BENGAL,2004,3.3,1.6,14.9,62.8,72.9,287.5,250.7,389.9,264.3,220.7,0,0.8,1569.4,4.9,150.7,1192.3,221.5
GANGETIC WEST BENGAL,2005,26.8,11.8,82.8,41.8,82.4,200.1,354.5,226.7,221.3,351.7,0,4.9,1604.9,38.6,207,1002.6,356.6
GANGETIC WEST BENGAL,2006,0.8,3,10.6,60.5,120.8,221,486.6,320.3,380.9,49.7,5.9,0.3,1660.5,3.9,191.9,1408.8,55.9
GANGETIC WEST BENGAL,2007,3.9,56.2,39.3,38.7,98.7,226.3,610.1,328,459.9,55.8,24.6,0,1941.4,60.1,176.7,1624.2,80.4
GANGETIC WEST BENGAL,2008,49.4,12.4,11.5,42.8,94.4,414.5,338.4,252.2,267.3,72.3,0,0.2,1555.2,61.8,148.8,1272.3,72.4
GANGETIC WEST BENGAL,2009,2.4,1.4,17.9,2.6,229,69.7,277.6,332.7,294.6,77.3,9.4,0.3,1315,3.8,249.5,974.6,87.1
GANGETIC WEST BENGAL,2010,0.2,10.3,8,15.9,127.5,189.3,196.3,192.6,192.6,96.2,6.3,29.7,1064.8,10.5,151.3,770.7,132.2
GANGETIC WEST BENGAL,2011,2.5,2.7,40.5,75,132.6,434.5,219.9,443.2,295.9,36.9,1.3,1.4,1686.5,5.2,248.1,1393.6,39.6
GANGETIC WEST BENGAL,2012,40.7,15.3,4.4,57.7,44.2,146.6,315,261.4,246.9,64.2,47,24.6,1268,56,106.3,969.9,135.8
GANGETIC WEST BENGAL,2013,2.5,10,4.8,45.6,195.9,233.4,263.2,401.4,254,353.2,0,0,1764.1,12.5,246.3,1152,353.3
GANGETIC WEST BENGAL,2014,0.9,42.2,19.9,1.9,124.4,193.6,298.7,292.6,229.5,56.9,0.1,0.6,1261.4,43.1,146.2,1014.4,57.7
GANGETIC WEST BENGAL,2015,12.9,5.5,19.3,88.7,57.6,247.2,633.1,260.6,164,32.7,2.3,6.3,1530.3,18.4,165.6,1304.9,41.3
