state,year,month,rainfall
ARUNACHAL PRADESH,2016,1,24.41352
ARUNACHAL PRADESH,2016,2,35.314293
ARUNACHAL PRADESH,2016,3,70.684425
ARUNACHAL PRADESH,2016,4,240.57
ARUNACHAL PRADESH,2016,5,169.37778
ARUNACHAL PRADESH,2016,6,309.37524
ARUNACHAL PRADESH,2016,7,190.68677
ARUNACHAL PRADESH,2016,8,260.33466
ARUNACHAL PRADESH,2016,9,229.59058
ARUNACHAL PRADESH,2016,10,90.40237
ARUNACHAL PRADESH,2016,11,8.562313
ARUNACHAL PRADESH,2016,12,9.615435
ARUNACHAL PRADESH,2017,1,14.14202
ARUNACHAL PRADESH,2017,2,43.685997
ARUNACHAL PRADESH,2017,3,73.176865
ARUNACHAL PRADESH,2017,4,197.25098
ARUNACHAL PRADESH,2017,5,253.3996
ARUNACHAL PRADESH,2017,6,346.03107
ARUNACHAL PRADESH,2017,7,216.14215
ARUNACHAL PRADESH,2017,8,293.4654
ARUNACHAL PRADESH,2017,9,158.6347
ARUNACHAL PRADESH,2017,10,102.32439
ARUNACHAL PRADESH,2017,11,11.6166
ARUNACHAL PRADESH,2017,12,9.012467
ARUNACHAL PRADESH,2018,1,14.933917
ARUNACHAL PRADESH,2018,2,25.827671
ARUNACHAL PRADESH,2018,3,85.532906
ARUNACHAL PRADESH,2018,4,189.96617
ARUNACHAL PRADESH,2018,5,152.63782
ARUNACHAL PRADESH,2018,6,256.29327
ARUNACHAL PRADESH,2018,7,202.41974
ARUNACHAL PRADESH,2018,8,214.38632
ARUNACHAL PRADESH,2018,9,228.7363
ARUNACHAL PRADESH,2018,10,89.62325
ARUNACHAL PRADESH,2018,11,21.192879
ARUNACHAL PRADESH,2018,12,15.937649
ARUNACHAL PRADESH,2019,1,14.030252
ARUNACHAL PRADESH,2019,2,30.691261
ARUNACHAL PRADESH,2019,3,50.642593
ARUNACHAL PRADESH,2019,4,150.59705
ARUNACHAL PRADESH,2019,5,308.41974
ARUNACHAL PRADESH,2019,6,234.5639
ARUNACHAL PRADESH,2019,7,314.32532
ARUNACHAL PRADESH,2019,8,229.41739
ARUNACHAL PRADESH,2019,9,273.70422
ARUNACHAL PRADESH,2019,10,96.25255
ARUNACHAL PRADESH,2019,11,14.236073
ARUNACHAL PRADESH,2019,12,9.510515
ARUNACHAL PRADESH,2020,1,28.958368
ARUNACHAL PRADESH,2020,2,41.2212
ARUNACHAL PRADESH,2020,3,57.717293
ARUNACHAL PRADESH,2020,4,135.41074
ARUNACHAL PRADESH,2020,5,244.59824
ARUNACHAL PRADESH,2020,6,297.72766
ARUNACHAL PRADESH,2020,7,196.06993
ARUNACHAL PRADESH,2020,8,187.98709
ARUNACHAL PRADESH,2020,9,201.77063
ARUNACHAL PRADESH,2020,10,93.297806
ARUNACHAL PRADESH,2020,11,18.884872
ARUNACHAL PRADESH,2020,12,12.554041
ASSAM,2016,1,17.789078
ASSAM,2016,2,16.038279
ASSAM,2016,3,70.45552
ASSAM,2016,4,212.79391
ASSAM,2016,5,291.80383
ASSAM,2016,6,372.35138
ASSAM,2016,7,370.54517
ASSAM,2016,8,280.7379
ASSAM,2016,9,288.058
ASSAM,2016,10,95.05217
ASSAM,2016,11,11.46268
ASSAM,2016,12,5.6502934
ASSAM,2017,1,9.242503
ASSAM,2017,2,27.858446
ASSAM,2017,3,73.386215
ASSAM,2017,4,158.13106
ASSAM,2017,5,255.34067
ASSAM,2017,6,396.65735
ASSAM,2017,7,416.20813
ASSAM,2017,8,323.43027
ASSAM,2017,9,190.2011
ASSAM,2017,10,196.50359
ASSAM,2017,11,8.764228
ASSAM,2017,12,9.742487
ASSAM,2018,1,11.991127
ASSAM,2018,2,13.696068
ASSAM,2018,3,68.71769
ASSAM,2018,4,123.6885
ASSAM,2018,5,208.8134
ASSAM,2018,6,316.96432
ASSAM,2018,7,410.9609
ASSAM,2018,8,398.53625
ASSAM,2018,9,155.85036
ASSAM,2018,10,39.54783
ASSAM,2018,11,14.760382
ASSAM,2018,12,13.917577
ASSAM,2019,1,7.5707097
ASSAM,2019,2,28.438307
ASSAM,2019,3,44.276352
ASSAM,2019,4,100.2439
ASSAM,2019,5,308.71423
ASSAM,2019,6,236.4445
ASSAM,2019,7,377.5909
ASSAM,2019,8,246.46751
ASSAM,2019,9,272.8309
ASSAM,2019,10,140.86934
ASSAM,2019,11,11.633041
ASSAM,2019,12,5.660879
ASSAM,2020,1,26.158882
ASSAM,2020,2,24.878622
ASSAM,2020,3,35.9656
ASSAM,2020,4,108.14502
ASSAM,2020,5,293.32037
ASSAM,2020,6,271.6509
ASSAM,2020,7,299.75104
ASSAM,2020,8,302.2423
ASSAM,2020,9,232.6773
ASSAM,2020,10,178.83412
ASSAM,2020,11,17.953014
ASSAM,2020,12,4.940426
MANIPUR,2016,1,9.290636
MANIPUR,2016,2,28.819384
MANIPUR,2016,3,60.435577
MANIPUR,2016,4,226.23534
MANIPUR,2016,5,224.69267
MANIPUR,2016,6,235.41891
MANIPUR,2016,7,327.79712
MANIPUR,2016,8,138.01282
MANIPUR,2016,9,177.14597
MANIPUR,2016,10,119.54733
MANIPUR,2016,11,56.61697
MANIPUR,2016,12,3.1447086
MANIPUR,2017,1,8.457509
MANIPUR,2017,2,23.32189
MANIPUR,2017,3,157.97891
MANIPUR,2017,4,112.8512
MANIPUR,2017,5,155.64787
MANIPUR,2017,6,428.21478
MANIPUR,2017,7,304.24213
MANIPUR,2017,8,227.30836
MANIPUR,2017,9,137.20634
MANIPUR,2017,10,271.9556
MANIPUR,2017,11,9.281271
MANIPUR,2017,12,14.549814
MANIPUR,2018,1,6.836481
MANIPUR,2018,2,18.541023
MANIPUR,2018,3,47.98419
MANIPUR,2018,4,23.740723
MANIPUR,2018,5,164.79532
MANIPUR,2018,6,435.95163
MANIPUR,2018,7,229.34131
MANIPUR,2018,8,213.85684
MANIPUR,2018,9,71.41991
MANIPUR,2018,10,110.86607
MANIPUR,2018,11,13.584164
MANIPUR,2018,12,6.4647183
MANIPUR,2019,1,6.02935
MANIPUR,2019,2,23.403793
MANIPUR,2019,3,24.505379
MANIPUR,2019,4,55.367096
MANIPUR,2019,5,96.457466
MANIPUR,2019,6,150.1326
MANIPUR,2019,7,168.24805
MANIPUR,2019,8,158.64012
MANIPUR,2019,9,201.89217
MANIPUR,2019,10,152.93892
MANIPUR,2019,11,31.21059
MANIPUR,2019,12,4.8825755
MANIPUR,2020,1,31.631989
MANIPUR,2020,2,13.6407585
MANIPUR,2020,3,23.023743
MANIPUR,2020,4,65.43254
MANIPUR,2020,5,129.74065
MANIPUR,2020,6,239.92154
MANIPUR,2020,7,249.45502
MANIPUR,2020,8,185.64113
MANIPUR,2020,9,229.01587
MANIPUR,2020,10,136.97981
MANIPUR,2020,11,45.18638
MANIPUR,2020,12,2.6557183
MEGHALAYA,2016,1,10.276859
MEGHALAYA,2016,2,8.832386
MEGHALAYA,2016,3,78.877884
MEGHALAYA,2016,4,254.4133
MEGHALAYA,2016,5,409.60156
MEGHALAYA,2016,6,605.37823
MEGHALAYA,2016,7,784.856
MEGHALAYA,2016,8,402.07312
MEGHALAYA,2016,9,236.25456
MEGHALAYA,2016,10,170.8642
MEGHALAYA,2016,11,28.231535
MEGHALAYA,2016,12,4.7999763
MEGHALAYA,2017,1,4.4342103
MEGHALAYA,2017,2,8.728823
MEGHALAYA,2017,3,100.32651
MEGHALAYA,2017,4,351.63733
MEGHALAYA,2017,5,439.37494
MEGHALAYA,2017,6,960.96027
MEGHALAYA,2017,7,1115.01
MEGHALAYA,2017,8,655.0096
MEGHALAYA,2017,9,441.4041
MEGHALAYA,2017,10,406.11002
MEGHALAYA,2017,11,9.222184
MEGHALAYA,2017,12,11.204153
MEGHALAYA,2018,1,6.0474567
MEGHALAYA,2018,2,11.692145
MEGHALAYA,2018,3,83.63999
MEGHALAYA,2018,4,152.21243
MEGHALAYA,2018,5,396.4958
MEGHALAYA,2018,6,738.9105
MEGHALAYA,2018,7,706.0808
MEGHALAYA,2018,8,549.23663
MEGHALAYA,2018,9,319.73373
MEGHALAYA,2018,10,78.56625
MEGHALAYA,2018,11,4.0994325
MEGHALAYA,2018,12,11.95224
MEGHALAYA,2019,1,4.1734705
MEGHALAYA,2019,2,14.8941145
MEGHALAYA,2019,3,69.47023
MEGHALAYA,2019,4,400.72855
MEGHALAYA,2019,5,609.4841
MEGHALAYA,2019,6,541.3254
MEGHALAYA,2019,7,751.828
MEGHALAYA,2019,8,524.18713
MEGHALAYA,2019,9,370.32553
MEGHALAYA,2019,10,116.37552
MEGHALAYA,2019,11,14.11571
MEGHALAYA,2019,12,4.078234
MEGHALAYA,2020,1,22.954395
MEGHALAYA,2020,2,11.498627
MEGHALAYA,2020,3,32.475388
MEGHALAYA,2020,4,213.51599
MEGHALAYA,2020,5,440.63156
MEGHALAYA,2020,6,651.77875
MEGHALAYA,2020,7,949.2562
MEGHALAYA,2020,8,335.19235
MEGHALAYA,2020,9,437.5476
MEGHALAYA,2020,10,303.93423
MEGHALAYA,2020,11,4.6531496
MEGHALAYA,2020,12,3.5095887
MIZORAM,2016,1,8.07308
MIZORAM,2016,2,19.564789
MIZORAM,2016,3,72.80585
MIZORAM,2016,4,105.75459
MIZORAM,2016,5,263.45624
MIZORAM,2016,6,316.84344
MIZORAM,2016,7,356.5531
MIZORAM,2016,8,340.01758
MIZORAM,2016,9,325.17776
MIZORAM,2016,10,138.94008
MIZORAM,2016,11,194.10043
MIZORAM,2016,12,10.497646
MIZORAM,2017,1,7.3914137
MIZORAM,2017,2,8.266568
MIZORAM,2017,3,144.72815
MIZORAM,2017,4,232.23784
MIZORAM,2017,5,270.42908
MIZORAM,2017,6,636.28845
MIZORAM,2017,7,523.84784
MIZORAM,2017,8,308.70898
MIZORAM,2017,9,193.4357
MIZORAM,2017,10,254.12914
MIZORAM,2017,11,28.324594
MIZORAM,2017,12,28.984375
MIZORAM,2018,1,8.980206
MIZORAM,2018,2,14.410973
MIZORAM,2018,3,32.000084
MIZORAM,2018,4,91.57204
MIZORAM,2018,5,210.21298
MIZORAM,2018,6,613.3395
MIZORAM,2018,7,294.2032
MIZORAM,2018,8,260.3252
MIZORAM,2018,9,181.9706
MIZORAM,2018,10,131.95827
MIZORAM,2018,11,31.874527
MIZORAM,2018,12,14.441752
MIZORAM,2019,1,7.4019
MIZORAM,2019,2,25.772467
MIZORAM,2019,3,36.825584
MIZORAM,2019,4,72.42302
MIZORAM,2019,5,119.50838
MIZORAM,2019,6,214.91385
MIZORAM,2019,7,374.43552
MIZORAM,2019,8,286.95898
MIZORAM,2019,9,260.38748
MIZORAM,2019,10,133.67017
MIZORAM,2019,11,81.24504
MIZORAM,2019,12,11.816705
MIZORAM,2020,1,26.590744
MIZORAM,2020,2,6.7528973
MIZORAM,2020,3,25.165058
MIZORAM,2020,4,161.86215
MIZORAM,2020,5,126.35071
MIZORAM,2020,6,443.63144
MIZORAM,2020,7,420.0915
MIZORAM,2020,8,274.89624
MIZORAM,2020,9,237.91553
MIZORAM,2020,10,316.23804
MIZORAM,2020,11,55.004528
MIZORAM,2020,12,9.729635
NAGALAND,2016,1,21.479292
NAGALAND,2016,2,25.692291
NAGALAND,2016,3,90.62967
NAGALAND,2016,4,226.2319
NAGALAND,2016,5,248.78171
NAGALAND,2016,6,269.3189
NAGALAND,2016,7,414.76996
NAGALAND,2016,8,367.33682
NAGALAND,2016,9,394.13306
NAGALAND,2016,10,94.796585
NAGALAND,2016,11,14.952526
NAGALAND,2016,12,6.652649
NAGALAND,2017,1,15.18964
NAGALAND,2017,2,34.54364
NAGALAND,2017,3,89.24023
NAGALAND,2017,4,174.88684
NAGALAND,2017,5,247.29694
NAGALAND,2017,6,450.5396
NAGALAND,2017,7,480.95776
NAGALAND,2017,8,305.68317
NAGALAND,2017,9,271.2865
NAGALAND,2017,10,205.64365
NAGALAND,2017,11,11.625885
NAGALAND,2017,12,17.35494
NAGALAND,2018,1,17.243164
NAGALAND,2018,2,16.617043
NAGALAND,2018,3,75.20041
NAGALAND,2018,4,157.12479
NAGALAND,2018,5,180.60052
NAGALAND,2018,6,427.27917
NAGALAND,2018,7,466.76837
NAGALAND,2018,8,418.39478
NAGALAND,2018,9,237.36346
NAGALAND,2018,10,51.9255
NAGALAND,2018,11,23.77161
NAGALAND,2018,12,10.646929
NAGALAND,2019,1,13.017029
NAGALAND,2019,2,22.629192
NAGALAND,2019,3,47.314274
NAGALAND,2019,4,82.03359
NAGALAND,2019,5,286.51025
NAGALAND,2019,6,276.4377
NAGALAND,2019,7,415.45496
NAGALAND,2019,8,263.40265
NAGALAND,2019,9,384.51776
NAGALAND,2019,10,135.29527
NAGALAND,2019,11,16.600327
NAGALAND,2019,12,8.204785
NAGALAND,2020,1,39.145683
NAGALAND,2020,2,22.814697
NAGALAND,2020,3,41.46788
NAGALAND,2020,4,150.10669
NAGALAND,2020,5,227.17201
NAGALAND,2020,6,344.5211
NAGALAND,2020,7,260.63364
NAGALAND,2020,8,233.42213
NAGALAND,2020,9,250.62384
NAGALAND,2020,10,223.81345
NAGALAND,2020,11,26.116735
NAGALAND,2020,12,7.2371874
SIKKIM,2016,1,10.7116375
SIKKIM,2016,2,7.840232
SIKKIM,2016,3,49.48736
SIKKIM,2016,4,37.240643
SIKKIM,2016,5,183.21841
SIKKIM,2016,6,227.93695
SIKKIM,2016,7,436.52646
SIKKIM,2016,8,234.48306
SIKKIM,2016,9,270.6463
SIKKIM,2016,10,40.17202
SIKKIM,2016,11,4.876823
SIKKIM,2016,12,3.592733
SIKKIM,2017,1,18.439995
SIKKIM,2017,2,9.094062
SIKKIM,2017,3,73.94377
SIKKIM,2017,4,54.732487
SIKKIM,2017,5,152.17389
SIKKIM,2017,6,173.24255
SIKKIM,2017,7,392.2479
SIKKIM,2017,8,294.35748
SIKKIM,2017,9,127.003296
SIKKIM,2017,10,51.62113
SIKKIM,2017,11,5.0727353
SIKKIM,2017,12,3.35901
SIKKIM,2018,1,7.886577
SIKKIM,2018,2,11.521499
SIKKIM,2018,3,47.44328
SIKKIM,2018,4,43.936485
SIKKIM,2018,5,133.992
SIKKIM,2018,6,176.72017
SIKKIM,2018,7,320.20728
SIKKIM,2018,8,241.60774
SIKKIM,2018,9,181.81232
SIKKIM,2018,10,34.49881
SIKKIM,2018,11,4.9475527
SIKKIM,2018,12,10.854651
SIKKIM,2019,1,8.91624
SIKKIM,2019,2,33.98802
SIKKIM,2019,3,43.96376
SIKKIM,2019,4,81.67129
SIKKIM,2019,5,54.934708
SIKKIM,2019,6,139.38168
SIKKIM,2019,7,363.58566
SIKKIM,2019,8,210.10422
SIKKIM,2019,9,140.32512
SIKKIM,2019,10,21.48061
SIKKIM,2019,11,5.443512
SIKKIM,2019,12,4.2911096
SIKKIM,2020,1,15.129701
SIKKIM,2020,2,12.473579
SIKKIM,2020,3,34.279663
SIKKIM,2020,4,138.6198
SIKKIM,2020,5,117.49196
SIKKIM,2020,6,178.2157
SIKKIM,2020,7,294.00296
SIKKIM,2020,8,264.47632
SIKKIM,2020,9,255.01434
SIKKIM,2020,10,28.454105
SIKKIM,2020,11,5.71064
SIKKIM,2020,12,3.3707948
TRIPURA,2016,1,6.5271835
TRIPURA,2016,2,22.7914
TRIPURA,2016,3,103.62778
TRIPURA,2016,4,134.20831
TRIPURA,2016,5,452.33478
TRIPURA,2016,6,273.78934
TRIPURA,2016,7,372.0033
TRIPURA,2016,8,420.02728
TRIPURA,2016,9,238.77368
TRIPURA,2016,10,117.357445
TRIPURA,2016,11,144.8884
TRIPURA,2016,12,2.7464538
TRIPURA,2017,1,6.0605965
TRIPURA,2017,2,6.0471597
TRIPURA,2017,3,183.99855
TRIPURA,2017,4,308.01227
TRIPURA,2017,5,296.24628
TRIPURA,2017,6,726.79663
TRIPURA,2017,7,509.61536
TRIPURA,2017,8,498.03775
TRIPURA,2017,9,340.6963
TRIPURA,2017,10,439.81647
TRIPURA,2017,11,18.568419
TRIPURA,2017,12,20.268185
TRIPURA,2018,1,8.123432
TRIPURA,2018,2,14.047014
TRIPURA,2018,3,44.309597
TRIPURA,2018,4,281.28336
TRIPURA,2018,5,423.75854
TRIPURA,2018,6,459.468
TRIPURA,2018,7,347.20483
TRIPURA,2018,8,278.01263
TRIPURA,2018,9,145.86896
TRIPURA,2018,10,123.9651
TRIPURA,2018,11,18.586693
TRIPURA,2018,12,7.408855
TRIPURA,2019,1,6.0727644
TRIPURA,2019,2,43.320137
TRIPURA,2019,3,65.84583
TRIPURA,2019,4,255.15335
TRIPURA,2019,5,312.17117
TRIPURA,2019,6,318.42294
TRIPURA,2019,7,697.5351
TRIPURA,2019,8,320.84824
TRIPURA,2019,9,195.18022
TRIPURA,2019,10,124.29383
TRIPURA,2019,11,72.57935
TRIPURA,2019,12,4.204217
TRIPURA,2020,1,46.4631
TRIPURA,2020,2,6.461389
TRIPURA,2020,3,43.106987
TRIPURA,2020,4,211.7065
TRIPURA,2020,5,269.48
TRIPURA,2020,6,514.0635
TRIPURA,2020,7,398.08966
TRIPURA,2020,8,254.37714
TRIPURA,2020,9,243.67345
TRIPURA,2020,10,326.4925
TRIPURA,2020,11,26.890816
TRIPURA,2020,12,2.758733
